protein_id,Freq
WP_010946773.1,0.18095238095238095
WP_014326579.1,0.1794871794871795
WP_010946460.1,0.12413793103448276
WP_015444650.1,0.12280701754385964
WP_010946774.1,0.11224489795918367
WP_015444661.1,0.090909091
WP_171843121.1,0.088235294
WP_015444655.1,0.087912088
WP_010947502.1,0.086956522
WP_016357054.1,0.086419753
WP_015444664.1,0.085106383
WP_025862435.1,0.083916084
WP_010946832.1,0.079365079
WP_015444651.1,0.075471698
WP_010947356.1,0.071942446
WP_015444669.1,0.071428571
WP_010948177.1,0.071428571
WP_011213303.1,0.069444444
WP_010948353.1,0.068783069
WP_010947195.1,0.068548387
WP_010947920.1,0.067164179
WP_010947633.1,0.066666667
WP_015444232.1,0.066666667
WP_011213031.1,0.066176471
WP_010948205.1,0.066037736
WP_015444330.1,0.065789474
WP_010948222.1,0.06557377
WP_010946728.1,0.065217391
WP_015444099.1,0.064935065
WP_010948275.1,0.064102564
WP_010947121.1,0.063492063
WP_010945868.1,0.063432836
WP_010947406.1,0.063291139
WP_010947446.1,0.062992126
WP_010947321.1,0.0625
WP_010947063.1,0.062305296
WP_010946782.1,0.062283737
WP_010948054.1,0.061728395
WP_010946845.1,0.061320755
WP_010946126.1,0.060728745
WP_010946225.1,0.060606061
WP_010948209.1,0.060606061
WP_011216579.1,0.060606061
WP_011946564.1,0.059701493
WP_010947343.1,0.059670781893004114
WP_016356921.1,0.059440559
WP_010948135.1,0.059360731
WP_010948272.1,0.059139785
WP_010948360.1,0.059090909
WP_010946788.1,0.058823529411764705
WP_016356878.1,0.058823529411764705
WP_015444115.1,0.058823529411764705
WP_011213326.1,0.058295964
WP_010948640.1,0.058252427
WP_010946150.1,0.058035714
WP_010948305.1,0.057971014492753624
WP_010947120.1,0.056338028169014086
WP_025862397.1,0.056179775280898875
WP_015444665.1,0.056140350877192984
WP_010948276.1,0.056
WP_010947668.1,0.055762081784386616
WP_015444021.1,0.055555556
WP_010946517.1,0.055319149
WP_010948101.1,0.055137845
WP_010946010.1,0.0546875
WP_011216180.1,0.054597701
WP_025862461.1,0.054054054
WP_015444197.1,0.053921569
WP_016356902.1,0.053763440860215055
WP_010947281.1,0.053719008
WP_010947107.1,0.053571429
WP_027223809.1,0.053521127
WP_010946983.1,0.053435115
WP_010947569.1,0.053291536
WP_010946911.1,0.053221289
WP_010947715.1,0.053097345
WP_010946143.1,0.052980132450331126
WP_010947505.1,0.052631579
WP_015444226.1,0.052631579
WP_010948415.1,0.052631579
WP_010948511.1,0.052252252
WP_010948196.1,0.052173913
WP_010946571.1,0.052083333333333336
WP_015443982.1,0.052083333333333336
WP_011213557.1,0.051948052
WP_223804326.1,0.051851852
WP_010947576.1,0.051724138
WP_010946584.1,0.051587301587301584
WP_016356703.1,0.051502146
WP_010946484.1,0.051470588235294115
WP_015444930.1,0.051383399
WP_011946763.1,0.051376147
WP_015444152.1,0.051369863
WP_011212755.1,0.051282051
WP_010947807.1,0.051282051
WP_010947815.1,0.051194539249146756
WP_010947026.1,0.051181102362204724
WP_010945905.1,0.051150895
WP_010947829.1,0.051150895
WP_010946302.1,0.051094890510948905
WP_010948079.1,0.050955414012738856
WP_010947623.1,0.050847458
WP_323740491.1,0.050847458
WP_010946756.1,0.050772627
WP_010946809.1,0.050761421319796954
WP_010947169.1,0.050632911
WP_010946249.1,0.050583658
WP_010946636.1,0.050458716
WP_010948625.1,0.050359712230215826
WP_010947035.1,0.050125313
WP_010947269.1,0.05
WP_010947335.1,0.05
WP_010947752.1,0.05
WP_010948133.1,0.05
WP_010946676.1,0.049951969260326606
WP_010948638.1,0.049792531
WP_010946062.1,0.049723756906077346
WP_010948416.1,0.049689440993788817
WP_015444823.1,0.04964539
WP_025862430.1,0.04964539
WP_010948587.1,0.04964539
WP_015443983.1,0.049618321
WP_010948069.1,0.049586776859504134
WP_016357012.1,0.049586776859504134
WP_010948622.1,0.049568966
WP_010947422.1,0.04950495
WP_010946894.1,0.049382716
WP_223804298.1,0.049261084
WP_010946340.1,0.049065421
WP_010946918.1,0.049056604
WP_010948187.1,0.049036778
WP_010948057.1,0.049019607843137254
WP_010946670.1,0.048951049
WP_010948437.1,0.048859934853420196
WP_010948137.1,0.048780488
WP_010948332.1,0.048611111
WP_010948407.1,0.048611111
WP_010946653.1,0.048571429
WP_010948351.1,0.048543689
WP_010948580.1,0.048442907
WP_010948593.1,0.048442907
WP_011946036.1,0.048387097
WP_010946213.1,0.048275862
WP_015444210.1,0.048257373
WP_015444643.1,0.048192771
WP_010945806.1,0.048109965635738834
WP_010947040.1,0.048076923
WP_010947602.1,0.048076923
WP_010947973.1,0.048076923
WP_010948100.1,0.047752808988764044
WP_016356938.1,0.047619047619047616
WP_015444079.1,0.047619047619047616
WP_010948333.1,0.047619047619047616
WP_010948559.1,0.047619047619047616
WP_010947142.1,0.04743083
WP_015444191.1,0.04743083
WP_010946551.1,0.047413793
WP_010946938.1,0.047368421
WP_015444532.1,0.0472103
WP_015443995.1,0.047191011
WP_010947341.1,0.047169811
WP_015444407.1,0.047169811
WP_010947989.1,0.047169811
WP_010946265.1,0.047101449
WP_010946802.1,0.047058823529411764
WP_015444077.1,0.047021943573667714
WP_014842761.1,0.046997389
WP_010946342.1,0.046979866
WP_010948487.1,0.046956522
WP_011214319.1,0.046948356807511735
WP_010948045.1,0.046931408
WP_011946067.1,0.046875
WP_011216566.1,0.046875
WP_010948055.1,0.046783626
WP_010948585.1,0.046783626
WP_010947952.1,0.046728972
WP_015444884.1,0.046692607
WP_010947620.1,0.046666667
WP_010948348.1,0.046575342
WP_010946148.1,0.046511627906976744
WP_015444159.1,0.046460176991150445
WP_010947915.1,0.046448087
WP_010947883.1,0.046321526
WP_010948606.1,0.046296296296296294
WP_010947508.1,0.046218487394957986
WP_010948365.1,0.046218487394957986
WP_010948108.1,0.046052631578947366
WP_010948165.1,0.046025105
WP_010947018.1,0.045977011
WP_011213793.1,0.045977011
WP_015444000.1,0.045936395759717315
WP_010945848.1,0.045918367
WP_010947033.1,0.045801527
WP_010947820.1,0.045774647887323945
WP_010945922.1,0.045751634
WP_010946769.1,0.045714285714285714
WP_010947600.1,0.045714285714285714
WP_015444809.1,0.045698925
WP_010948352.1,0.0456621
WP_010948552.1,0.045517241
WP_010946862.1,0.045454545454545456
WP_010947029.1,0.045454545454545456
WP_010947184.1,0.045454545454545456
WP_011216639.1,0.045454545454545456
WP_197535494.1,0.045454545454545456
WP_010946929.1,0.045226131
WP_010947240.1,0.045226131
WP_010948363.1,0.04519774
WP_010945812.1,0.045138889
WP_015444635.1,0.045045045
WP_010946592.1,0.045
WP_010946314.1,0.04494382
WP_010946524.1,0.04494382
WP_010947770.1,0.04491018
WP_014327030.1,0.044871795
WP_015444551.1,0.044827586
WP_025862449.1,0.044817927
WP_015444178.1,0.044811321
WP_010946245.1,0.044806517
WP_010946351.1,0.044776119
WP_015444939.1,0.044709388971684055
WP_010946173.1,0.044692737
WP_010946130.1,0.044585987261146494
WP_011946744.1,0.044548651817116064
WP_010946171.1,0.044543429844097995
WP_015444815.1,0.044444444444444446
WP_010946644.1,0.044444444444444446
WP_010948455.1,0.044247788
WP_010947221.1,0.044117647
WP_010948510.1,0.044067797
WP_010947993.1,0.044052863
WP_010948191.1,0.044052863
WP_010948476.1,0.044052863
WP_010948023.1,0.044041451
WP_010946319.1,0.044025157
WP_010948588.1,0.044
WP_011945636.1,0.043824701195219126
WP_015444023.1,0.043824701195219126
WP_010946536.1,0.043715847
WP_010947152.1,0.043701799485861184
WP_010947751.1,0.043650794
WP_010946413.1,0.043636364
WP_010948235.1,0.043624161
WP_015444190.1,0.043604651
WP_010946613.1,0.043478260869565216
WP_025862398.1,0.043478260869565216
WP_010946778.1,0.043478260869565216
WP_015444481.1,0.043478260869565216
WP_027223817.1,0.043478260869565216
WP_010948628.1,0.043478260869565216
WP_010946128.1,0.04338843
WP_010945990.1,0.0433213
WP_010947016.1,0.043269231
WP_015443911.1,0.043243243243243246
WP_015444374.1,0.043227665706051875
WP_010948232.1,0.043227665706051875
WP_010945936.1,0.043165468
WP_010947687.1,0.043165468
WP_015444215.1,0.043165468
WP_011216809.1,0.043137254901960784
WP_010946349.1,0.043103448
WP_010946163.1,0.043046358
WP_010946758.1,0.04290429
WP_010945807.1,0.042857143
WP_010946189.1,0.042857143
WP_010946711.1,0.042857143
WP_015444601.1,0.042857143
WP_015444802.1,0.042801556420233464
WP_010947849.1,0.042763158
WP_015443901.1,0.042735042735042736
WP_010948060.1,0.042666666666666665
WP_015444927.1,0.042635659
WP_015444146.1,0.042553191
WP_010946490.1,0.042440318302387266
WP_010947004.1,0.042372881
WP_010946539.1,0.042328042328042326
WP_010946627.1,0.042316258351893093
WP_010947186.1,0.042234332
WP_015444488.1,0.042145594
WP_010947453.1,0.042145594
WP_010947295.1,0.042134831460674156
WP_011213211.1,0.042056075
WP_015444881.1,0.042028985507246375
WP_010946981.1,0.042016807
WP_025862418.1,0.042016807
WP_015444530.1,0.041984733
WP_011213225.1,0.041958042
WP_010946596.1,0.041958042
WP_010947113.1,0.041958042
WP_010948474.1,0.041916167664670656
WP_015444160.1,0.041811846689895474
WP_010948043.1,0.041811846689895474
WP_011946321.1,0.041800643
WP_015444867.1,0.041666666666666664
WP_010946729.1,0.041666666666666664
WP_010946984.1,0.041666666666666664
WP_010946991.1,0.041666666666666664
WP_010947038.1,0.041666666666666664
WP_013101528.1,0.041666666666666664
WP_015444251.1,0.041666666666666664
WP_015444054.1,0.041666666666666664
WP_010946404.1,0.041522491
WP_015444002.1,0.041509434
WP_010945929.1,0.041493776
WP_015444141.1,0.041379310344827586
WP_072364010.1,0.041353383458646614
WP_010947938.1,0.04130809
WP_010946256.1,0.041297935
WP_010946380.1,0.041262136
WP_015444353.1,0.041237113402061855
WP_010948233.1,0.041237113402061855
WP_010947876.1,0.041176470588235294
WP_010946426.1,0.04109589
WP_011946157.1,0.04109589
WP_010947496.1,0.04109589
WP_010947599.1,0.04109589
WP_015444329.1,0.04109589
WP_010946842.1,0.040955631399317405
WP_015444959.1,0.040816327
WP_010946521.1,0.040816327
WP_015444424.1,0.040816327
WP_010948120.1,0.04076087
WP_010946775.1,0.040723982
WP_010947675.1,0.040662651
WP_010947447.1,0.040650407
WP_015443954.1,0.040609137
WP_025862510.1,0.040590406
WP_025862420.1,0.04057971
WP_014326585.1,0.040540541
WP_015444185.1,0.040540541
WP_010948047.1,0.040540541
WP_010946784.1,0.04048583
WP_010945900.1,0.040462428
WP_010946761.1,0.040322581
WP_010947503.1,0.040322581
WP_010948211.1,0.040302267
WP_010948519.1,0.040293040293040296
WP_016356924.1,0.040268456375838924
WP_015444055.1,0.040268456375838924
WP_015444421.1,0.040247678
WP_015444334.1,0.040201005
WP_010945944.1,0.040160642570281124
WP_015444640.1,0.040160642570281124
WP_016356891.1,0.040160642570281124
WP_010946722.1,0.040123456790123455
WP_015444133.1,0.04009434
WP_010946379.1,0.040076336
WP_010945878.1,0.04
WP_015444853.1,0.04
WP_010946361.1,0.04
WP_010948018.1,0.04
WP_010948081.1,0.04
WP_010945992.1,0.039906103
WP_015443932.1,0.039900249
WP_015444040.1,0.039893617
WP_015443884.1,0.039855072
WP_010948125.1,0.039840637
WP_010946312.1,0.039832285115303984
WP_015444784.1,0.039823009
WP_010948650.1,0.039800995
WP_010947373.1,0.039772727
WP_010946327.1,0.039761431411530816
WP_010946672.1,0.039742213
WP_010945926.1,0.039735099337748346
WP_015444469.1,0.039711191335740074
WP_010946044.1,0.039702233
WP_015444019.1,0.039647577092511016
WP_010946491.1,0.039603960396039604
WP_010946603.1,0.039473684210526314
WP_010946876.1,0.039473684210526314
WP_015444911.1,0.039426523
WP_010946033.1,0.039370079
WP_010945941.1,0.039285714285714285
WP_010947979.1,0.039285714285714285
WP_011945597.1,0.039274924
WP_010945876.1,0.039215686
WP_015444656.1,0.039215686
WP_010948075.1,0.039215686
WP_010946112.1,0.039145907
WP_010947362.1,0.039106145
WP_011213222.1,0.03908046
WP_010947773.1,0.03908046
WP_010946770.1,0.0390625
WP_010948582.1,0.039033457
WP_010948440.1,0.03902439
WP_010946266.1,0.039007092
WP_011213327.1,0.039007092
WP_010946495.1,0.038997214
WP_010945826.1,0.038961039
WP_010946175.1,0.038961039
WP_010946791.1,0.038888889
WP_016356907.1,0.038869257950530034
WP_015444893.1,0.038834951456310676
WP_010948078.1,0.038834951456310676
WP_010947366.1,0.038812785
WP_010946900.1,0.03880597
WP_010947958.1,0.038793103
WP_010945840.1,0.03875969
WP_014326634.1,0.03875969
WP_015444363.1,0.038724374
WP_010946263.1,0.038709677
WP_216818704.1,0.038709677
WP_225971823.1,0.038709677
WP_010945964.1,0.038655462
WP_010948394.1,0.038596491
WP_010948631.1,0.038596491
WP_010947917.1,0.038575668
WP_010946227.1,0.038461538461538464
WP_010946272.1,0.038461538461538464
WP_010946923.1,0.038461538461538464
WP_010946948.1,0.038461538461538464
WP_010947309.1,0.038461538461538464
WP_010947713.1,0.038461538461538464
WP_014842546.1,0.038461538461538464
WP_010948553.1,0.038461538461538464
WP_010948633.1,0.038461538461538464
WP_025862421.1,0.038461538461538464
WP_010948597.1,0.038383838
WP_010947094.1,0.038379531
WP_010947369.1,0.038369305
WP_010947084.1,0.038363171
WP_010945871.1,0.038333333
WP_010948379.1,0.038216561
WP_010947743.1,0.038202247191011236
WP_010947304.1,0.038167939
WP_015444476.1,0.038135593220338986
WP_014842314.1,0.038128249566724434
WP_010946077.1,0.038095238
WP_010946690.1,0.038095238
WP_015443964.1,0.038095238
WP_010948523.1,0.03807947
WP_015444946.1,0.038076152
WP_010946210.1,0.038062284
WP_010947540.1,0.038043478
WP_015444070.1,0.038043478
WP_010945825.1,0.037974684
WP_010946303.1,0.037974684
WP_015443881.1,0.037974684
WP_010947435.1,0.037946429
WP_010948020.1,0.037931034
WP_010947370.1,0.037914691943127965
WP_010948475.1,0.037914691943127965
WP_010948566.1,0.037914691943127965
WP_161513352.1,0.037878788
WP_010948266.1,0.037878788
WP_015444336.1,0.037837838
WP_010948452.1,0.037815126050420166
WP_010946642.1,0.037735849
WP_014841181.1,0.037694013303769404
WP_010947769.1,0.037671233
WP_010947971.1,0.037634409
WP_015444157.1,0.037634409
WP_010947214.1,0.037593985
WP_016356689.1,0.037572254
WP_010947210.1,0.037572254
WP_010947523.1,0.037558685
WP_010946041.1,0.037542662
WP_010948324.1,0.0375
WP_015444804.1,0.037463976945244955
WP_010946271.1,0.037433155
WP_010947306.1,0.037433155
WP_010947804.1,0.037433155
WP_025862399.1,0.037313433
WP_014841598.1,0.037313433
WP_015444518.1,0.037288136
WP_010948381.1,0.037288136
WP_015444865.1,0.037209302325581395
WP_010948169.1,0.037209302325581395
WP_010945853.1,0.037190083
WP_016356931.1,0.037135279
WP_016356903.1,0.037128713
WP_011213315.1,0.037122969837587005
WP_010945892.1,0.037037037037037035
WP_010946060.1,0.037037037037037035
WP_003635328.1,0.037037037037037035
WP_010947248.1,0.037037037037037035
WP_010948011.1,0.037037037037037035
WP_010948182.1,0.037037037037037035
WP_011216539.1,0.037037037037037035
WP_015443959.1,0.037037037037037035
WP_015444859.1,0.036945813
WP_015444947.1,0.036912752
WP_010946401.1,0.036866359
WP_010948303.1,0.036866359
WP_010945787.1,0.036842105
WP_010946049.1,0.036809816
WP_013101377.1,0.036809816
WP_010947067.1,0.036764706
WP_010947587.1,0.036764706
WP_010946706.1,0.036745407
WP_010946036.1,0.036738351254480286
WP_010946089.1,0.036697248
WP_010946727.1,0.036697248
WP_010946915.1,0.036697248
WP_010947661.1,0.036697248
WP_010946235.1,0.036649215
WP_010947237.1,0.036630037
WP_010947701.1,0.036613272311212815
WP_010947530.1,0.036585365853658534
WP_010948551.1,0.036585365853658534
WP_010946625.1,0.036553525
WP_015443877.1,0.036553525
WP_010947333.1,0.03652968
WP_010947655.1,0.03652968
WP_016357051.1,0.036458333333333336
WP_010945997.1,0.036418816388467376
WP_010946476.1,0.036414565826330535
WP_010946056.1,0.036363636
WP_010946081.1,0.036363636
WP_010946838.1,0.036363636
WP_010946887.1,0.036363636
WP_010947577.1,0.036363636
WP_010948288.1,0.036363636
WP_015444592.1,0.036312849162011177
WP_010948545.1,0.036253776
WP_010946341.1,0.036231884057971016
WP_010947415.1,0.036231884057971016
WP_010945978.1,0.036211699164345405
WP_010947449.1,0.036190476
WP_015444448.1,0.036175711
WP_015444383.1,0.036170212765957444
WP_010947046.1,0.036144578
WP_010947605.1,0.036117381
WP_010945879.1,0.036111111
WP_015443984.1,0.036111111
WP_010948364.1,0.036093418259023353
WP_011213316.1,0.036082474
WP_014327013.1,0.036065573770491806
WP_010946553.1,0.036036036036036036
WP_025862359.1,0.036036036036036036
WP_015444242.1,0.036036036036036036
WP_011213338.1,0.036
WP_010947339.1,0.036
WP_010947636.1,0.036
WP_015444454.1,0.035971223
WP_010946209.1,0.035916824196597356
WP_010945910.1,0.035874439
WP_010945931.1,0.035856573705179286
WP_015444977.1,0.035842293906810034
WP_010947163.1,0.035842293906810034
WP_010946767.1,0.035778175
WP_010946087.1,0.035714286
WP_010946707.1,0.035714286
WP_010946710.1,0.035714286
WP_010947265.1,0.035714286
WP_015444405.1,0.035714286
WP_010947794.1,0.035714286
WP_015444195.1,0.035714286
WP_010948091.1,0.035714286
WP_010948184.1,0.035714286
WP_015443998.1,0.035714286
WP_010948362.1,0.035714286
WP_010948665.1,0.035714286
WP_010948171.1,0.035587189
WP_015443905.1,0.035564854
WP_011216144.1,0.035545023696682464
WP_010947132.1,0.035519126
WP_010946573.1,0.035502959
WP_015444565.1,0.035460993
WP_015444913.1,0.035379813
WP_010948680.1,0.035335689
WP_010945771.1,0.035294118
WP_014843524.1,0.035294118
WP_010946964.1,0.035294118
WP_015444573.1,0.035294118
WP_010947047.1,0.035294118
WP_010946668.1,0.035230352
WP_010947028.1,0.035211267605633804
WP_010946124.1,0.035175879396984924
WP_010947524.1,0.035175879396984924
WP_015444411.1,0.035168195718654434
WP_010948494.1,0.035135135
WP_010946026.1,0.035087719
WP_010948355.1,0.035040431
WP_010947414.1,0.035
WP_010947944.1,0.035
WP_010947489.1,0.034985423
WP_010946734.1,0.034965035
WP_011946158.1,0.034965035
WP_010947259.1,0.034946237
WP_015444151.1,0.034920635
WP_010948134.1,0.034920635
WP_010946190.1,0.034883721
WP_010947853.1,0.034883721
WP_010948586.1,0.034825871
WP_010945894.1,0.034782608695652174
WP_010947426.1,0.034782608695652174
WP_010948377.1,0.034782608695652174
WP_010946045.1,0.034759358288770054
WP_010946403.1,0.034749035
WP_010947156.1,0.034749035
WP_010946344.1,0.034700315
WP_011213220.1,0.034700315
WP_010947270.1,0.034632035
WP_010948114.1,0.034586466
WP_010946242.1,0.034567901
WP_015443963.1,0.034536892
WP_010946501.1,0.034482758620689655
WP_010946622.1,0.034482758620689655
WP_010947037.1,0.034482758620689655
WP_011946663.1,0.034482758620689655
WP_027223810.1,0.034482758620689655
WP_010946376.1,0.034398034
WP_015444472.1,0.034351145
WP_010947982.1,0.034324942791762014
WP_010946912.1,0.034313725
WP_011213328.1,0.034285714
WP_010948006.1,0.034261241970021415
WP_010947082.1,0.034220532319391636
WP_010945981.1,0.034188034
WP_010947833.1,0.034188034
WP_010948657.1,0.034161490683229816
WP_010946760.1,0.034129692832764506
WP_010948053.1,0.034124629
WP_010947202.1,0.034120735
WP_010948314.1,0.034115139
WP_010947382.1,0.034111311
WP_015444906.1,0.034090909
WP_010946930.1,0.034090909
WP_010947759.1,0.034090909
WP_010948554.1,0.034090909
WP_010948382.1,0.034042553
WP_010946494.1,0.034013605442176874
WP_011216694.1,0.034013605442176874
WP_010946039.1,0.033970276
WP_010945994.1,0.033962264150943396
WP_010948378.1,0.033962264150943396
WP_010945784.1,0.033946251768033946
WP_010946856.1,0.033936651583710405
WP_010947428.1,0.033928571428571426
WP_015444831.1,0.033898305
WP_010946986.1,0.033898305
WP_010947924.1,0.033898305
WP_010948683.1,0.033834586
WP_010946820.1,0.033816425120772944
WP_015444207.1,0.033816425120772944
WP_016356696.1,0.033783783783783786
WP_306294292.1,0.033783783783783786
WP_010948156.1,0.033783783783783786
WP_010945897.1,0.033755274
WP_015443921.1,0.033742331
WP_010948176.1,0.033738191632928474
WP_010947525.1,0.03372093
WP_010948591.1,0.033707865168539325
WP_015444084.1,0.033687943
WP_010946325.1,0.033670034
WP_010948429.1,0.033653846
WP_010947860.1,0.033613445
WP_010947985.1,0.033613445
WP_015444533.1,0.033596838
WP_015444950.1,0.033582089552238806
WP_010948128.1,0.033582089552238806
WP_011213101.1,0.033557047
WP_016356906.1,0.033557047
WP_010947307.1,0.033557047
WP_010948194.1,0.033536585
WP_015444527.1,0.033505155
WP_225971827.1,0.033505155
WP_010945888.1,0.033492823
WP_011946662.1,0.033492823
WP_010948424.1,0.033492823
WP_010947983.1,0.033472803
WP_010947189.1,0.033457249
WP_010947538.1,0.033457249
WP_015444692.1,0.033444816053511704
WP_015444538.1,0.033444816053511704
WP_010946258.1,0.033333333
WP_010946433.1,0.033333333
WP_010946765.1,0.033333333
WP_010948270.1,0.033333333
WP_015444011.1,0.033333333
WP_015443931.1,0.033333333
WP_010946815.1,0.033259424
WP_015444121.1,0.033248082
WP_010947129.1,0.033222591
WP_010946572.1,0.033195021
WP_015444489.1,0.033195021
WP_011946666.1,0.033195021
WP_010947075.1,0.033175355
WP_010947704.1,0.033149171
WP_010946939.1,0.033112582781456956
WP_010946250.1,0.033096927
WP_010948503.1,0.033082707
WP_010948327.1,0.03307888
WP_010947685.1,0.033070866
WP_015444900.1,0.033018868
WP_010947361.1,0.033
WP_011213336.1,0.032967033
WP_010948287.1,0.032945736
WP_010945956.1,0.032934132
WP_010947379.1,0.032934132
WP_010948436.1,0.032911392
WP_010945877.1,0.032894737
WP_010947669.1,0.032894737
WP_010948110.1,0.032876712
WP_010946162.1,0.03286385
WP_010946487.1,0.03286385
WP_015444328.1,0.032846715328467155
WP_016356879.1,0.032842582
WP_010947664.1,0.032835821
WP_010946096.1,0.032786885
WP_016356729.1,0.032786885
WP_010946318.1,0.032786885
WP_010946602.1,0.032786885
WP_010947975.1,0.032786885
WP_010948080.1,0.032786885
WP_010946863.1,0.032755299
WP_010946219.1,0.032738095
WP_010946337.1,0.032679738562091505
WP_010946363.1,0.032653061
WP_010947353.1,0.032653061
WP_161503212.1,0.032640949554896145
WP_011946654.1,0.032624113475177303
WP_010946759.1,0.032608696
WP_010948040.1,0.032608696
WP_010948350.1,0.032608696
WP_015443917.1,0.032608696
WP_010948571.1,0.032608696
WP_015444503.1,0.03257329
WP_010948561.1,0.032537961
WP_010946284.1,0.032520325203252036
WP_010947520.1,0.032482599
WP_015444375.1,0.032482599
WP_011213344.1,0.032467532467532464
WP_011946027.1,0.032467532467532464
WP_010947230.1,0.032467532467532464
WP_010947466.1,0.032467532467532464
WP_010946135.1,0.032448377581120944
WP_010946516.1,0.032448377581120944
WP_015444378.1,0.032432432432432434
WP_010948146.1,0.032432432432432434
WP_015444490.1,0.032418952618453865
WP_025862446.1,0.032407407407407406
WP_025862603.1,0.032388663967611336
WP_010947014.1,0.032388663967611336
WP_010947396.1,0.032388663967611336
WP_010948031.1,0.032374101
WP_010947192.1,0.032366071
WP_015444131.1,0.032362459546925564
WP_016356886.1,0.032332564
WP_010946226.1,0.032327586206896554
WP_010946608.1,0.032319392
WP_010945795.1,0.032258065
WP_015444960.1,0.032258065
WP_015444932.1,0.032258065
WP_010946270.1,0.032258065
WP_010946277.1,0.032258065
WP_010946837.1,0.032258065
WP_011214430.1,0.032258065
WP_010947076.1,0.032258065
WP_010947575.1,0.032258065
WP_010947703.1,0.032258065
WP_011947457.1,0.032258065
WP_010948594.1,0.032258065
WP_010947663.1,0.032128514
WP_016356718.1,0.032110092
WP_015444161.1,0.032110092
WP_010947986.1,0.032110092
WP_010948225.1,0.032092426
WP_010948193.1,0.032085561
WP_015443878.1,0.032069971
WP_010948443.1,0.032061069
WP_015444795.1,0.032051282
WP_010947106.1,0.032051282
WP_010948529.1,0.032051282
WP_010947895.1,0.032010582
WP_010948112.1,0.03196347
WP_027225287.1,0.031948882
WP_010946197.1,0.031914893617021274
WP_010947568.1,0.031900139
WP_010946851.1,0.031847134
WP_010948294.1,0.031847134
WP_025862423.1,0.031818181818181815
WP_010947286.1,0.031818181818181815
WP_015444213.1,0.031772575
WP_010945768.1,0.031746031746031744
WP_010946356.1,0.031746031746031744
WP_015444662.1,0.031746031746031744
WP_014844311.1,0.031746031746031744
WP_016357011.1,0.031746031746031744
WP_010948569.1,0.031746031746031744
WP_015444173.1,0.031712474
WP_010948245.1,0.031674208
WP_025862386.1,0.031662269
WP_010946431.1,0.031634446
WP_010948602.1,0.031609195402298854
WP_010947078.1,0.031591737545565005
WP_015444525.1,0.031578947368421054
WP_010947185.1,0.031531532
WP_010947494.1,0.031531532
WP_010946188.1,0.031518625
WP_072363793.1,0.031496062992125984
WP_010945982.1,0.031496062992125984
WP_010946891.1,0.031496062992125984
WP_010947162.1,0.031496062992125984
WP_010945864.1,0.031468531
WP_010947692.1,0.031468531
WP_010948384.1,0.031468531
WP_010948447.1,0.031468531
WP_010948238.1,0.031446540880503145
WP_010947662.1,0.031390135
WP_010947384.1,0.031372549
WP_025862448.1,0.031347962
WP_010945966.1,0.03125
WP_010946123.1,0.03125
WP_010946237.1,0.03125
WP_010946259.1,0.03125
WP_010946576.1,0.03125
WP_010947045.1,0.03125
WP_010947138.1,0.03125
WP_010948173.1,0.03125
WP_010948399.1,0.03125
WP_010948599.1,0.03125
WP_010948634.1,0.03125
WP_016357049.1,0.03125
WP_010948646.1,0.03125
WP_010946689.1,0.031222896790980052
WP_010946462.1,0.03117506
WP_010948635.1,0.031152648
WP_011946724.1,0.031141868512110725
WP_010945837.1,0.031088082901554404
WP_010946662.1,0.031073446327683617
WP_015444602.1,0.031073446327683617
WP_010946652.1,0.031055900621118012
WP_015443914.1,0.031055900621118012
WP_014843191.1,0.031007751937984496
WP_010946993.1,0.031007751937984496
WP_010947234.1,0.031007751937984496
WP_015444061.1,0.031007751937984496
WP_010946634.1,0.030985915492957747
WP_010947905.1,0.030959752321981424
WP_010947957.1,0.030913978494623656
WP_010946557.1,0.030888031
WP_010945940.1,0.030864197530864196
WP_015444466.1,0.030864197530864196
WP_010948653.1,0.030848329048843187
WP_010947291.1,0.030812325
WP_010945921.1,0.030769231
WP_010946360.1,0.030769231
WP_010946747.1,0.030769231
WP_010947322.1,0.030769231
WP_010947479.1,0.030769231
WP_010947813.1,0.030769231
WP_010947145.1,0.030716723549488054
WP_010947549.1,0.030701754
WP_010946679.1,0.030690537084398978
WP_010946840.1,0.030660377358490566
WP_011213009.1,0.030612244897959183
WP_011214742.1,0.030612244897959183
WP_011945900.1,0.030612244897959183
WP_010946858.1,0.030612244897959183
WP_010947776.1,0.030612244897959183
WP_015444136.1,0.030612244897959183
WP_010948096.1,0.030612244897959183
WP_015443927.1,0.030612244897959183
WP_010946111.1,0.030588235
WP_015444587.1,0.03058104
WP_010947358.1,0.03058104
WP_010946527.1,0.030567686
WP_010947155.1,0.030542986425339366
WP_010946133.1,0.030494216614090432
WP_010946671.1,0.030487805
WP_014327007.1,0.030487805
WP_015443968.1,0.030487805
WP_010948425.1,0.030487805
WP_010945774.1,0.030476190476190476
WP_010947119.1,0.030470914127423823
WP_010948297.1,0.030470914127423823
WP_010947551.1,0.030456852791878174
WP_010946786.1,0.030434782608695653
WP_010947364.1,0.030405405405405407
WP_010946482.1,0.030395136778115502
WP_025862353.1,0.030395136778115502
WP_010948042.1,0.03038674
WP_010947618.1,0.030379746835443037
WP_010947072.1,0.030373831775700934
WP_010947933.1,0.030354132
WP_010946101.1,0.030303030303030304
WP_010946307.1,0.030303030303030304
WP_010946505.1,0.030303030303030304
WP_010947160.1,0.030303030303030304
WP_015444479.1,0.030303030303030304
WP_010947455.1,0.030303030303030304
WP_010948457.1,0.030303030303030304
WP_010948005.1,0.030271398747390398
WP_010947394.1,0.030237581
WP_010947798.1,0.030211480362537766
WP_015444138.1,0.030201342281879196
WP_010946577.1,0.030188679
WP_010946675.1,0.030178326
WP_010946383.1,0.030150754
WP_010946560.1,0.030150754
WP_010947019.1,0.030150754
WP_015444252.1,0.030150754
WP_010946114.1,0.030133928571428572
WP_010945979.1,0.030120481927710843
WP_010946540.1,0.030120481927710843
WP_025862615.1,0.030120481927710843
WP_010947779.1,0.030120481927710843
WP_010948470.1,0.030120481927710843
WP_010947225.1,0.030100334448160536
WP_323740484.1,0.030075188
WP_010948063.1,0.03003003
WP_010945839.1,0.03
WP_025862460.1,0.03
WP_011213321.1,0.03
WP_010947608.1,0.03
WP_010947991.1,0.029978586723768737
WP_010947970.1,0.029914529914529916
WP_010947777.1,0.029900332225913623
WP_010948024.1,0.029900332225913623
WP_015444842.1,0.029850746268656716
WP_010946459.1,0.029850746268656716
WP_011213332.1,0.029850746268656716
WP_010946685.1,0.029850746268656716
WP_010946803.1,0.029850746268656716
WP_014843674.1,0.029850746268656716
WP_025862363.1,0.029850746268656716
WP_016356910.1,0.029850746268656716
WP_010947949.1,0.029850746268656716
WP_010948659.1,0.029850746268656716
WP_010946348.1,0.029748283752860413
WP_010946185.1,0.029739777
WP_010946447.1,0.029739777
WP_010947213.1,0.029739777
WP_010947289.1,0.02972973
WP_010945973.1,0.029723991507430998
WP_010946113.1,0.02970297
WP_010946269.1,0.02970297
WP_011215972.1,0.02970297
WP_010948544.1,0.02970297
WP_015444343.1,0.029673591
WP_010947153.1,0.029649595687331536
WP_010947656.1,0.029644268774703556
WP_010948308.1,0.029605263157894735
WP_010945800.1,0.029585798816568046
WP_025862357.1,0.029585798816568046
WP_010948499.1,0.029585798816568046
WP_010946416.1,0.029572836801752465
WP_010946503.1,0.029569892
WP_010946441.1,0.029556650246305417
WP_011946159.1,0.029556650246305417
WP_015444858.1,0.029535864978902954
WP_010946332.1,0.029520295
WP_010948397.1,0.029513888888888888
WP_010947432.1,0.029484029484029485
WP_010947932.1,0.029484029484029485
WP_010947737.1,0.029478458
WP_010946216.1,0.029465930018416207
WP_010945928.1,0.029411764705882353
WP_010946804.1,0.029411764705882353
WP_015444410.1,0.029411764705882353
WP_015444205.1,0.029411764705882353
WP_010948145.1,0.029411764705882353
WP_010948265.1,0.029411764705882353
WP_015443975.1,0.029411764705882353
WP_010948567.1,0.029411764705882353
WP_010948639.1,0.029411764705882353
WP_010948472.1,0.029374202
WP_010947586.1,0.029345372460496615
WP_015444470.1,0.029333333333333333
WP_010946717.1,0.029320987654320986
WP_015444439.1,0.029315960912052116
WP_010947923.1,0.029315960912052116
WP_015444777.1,0.029310344827586206
WP_010947429.1,0.029304029304029304
WP_010946506.1,0.029288702928870293
WP_011216574.1,0.029268293
WP_015443900.1,0.029268293
WP_010947122.1,0.029239766081871343
WP_011215625.1,0.029126214
WP_011216774.1,0.029126214
WP_015443864.1,0.029090909
WP_015444593.1,0.029082774
WP_010947182.1,0.029069767441860465
WP_010947729.1,0.029069767441860465
WP_010948230.1,0.029069767441860465
WP_010946566.1,0.029045643153526972
WP_015444475.1,0.029045643153526972
WP_010948200.1,0.029032258
WP_010947740.1,0.029023746701846966
WP_016357016.1,0.029023746701846966
WP_010946016.1,0.029017857142857144
WP_016356707.1,0.028985507246376812
WP_010946011.1,0.028985507246376812
WP_011213609.1,0.028985507246376812
WP_010947749.1,0.028985507246376812
WP_010948649.1,0.028985507246376812
WP_010945875.1,0.028925619834710745
WP_015444014.1,0.028925619834710745
WP_015444534.1,0.028880866
WP_010945836.1,0.028846153846153848
WP_010947416.1,0.028846153846153848
WP_011946750.1,0.028846153846153848
WP_015444791.1,0.028806584
WP_010947738.1,0.028795811518324606
WP_010946940.1,0.028776978
WP_010948444.1,0.028776978
WP_010948605.1,0.028776978
WP_010947726.1,0.028708133971291867
WP_010948515.1,0.028708133971291867
WP_010945851.1,0.028700906344410877
WP_015444244.1,0.028697572
WP_016356695.1,0.028688524590163935
WP_010945815.1,0.028688524590163935
WP_010945835.1,0.028680688336520075
WP_015444924.1,0.028653295
WP_010946898.1,0.028645833333333332
WP_010947101.1,0.028645833333333332
WP_010946725.1,0.028639618138424822
WP_010946753.1,0.028639618138424822
WP_010947877.1,0.028639618138424822
WP_015444132.1,0.028639618138424822
WP_010947866.1,0.028636884
WP_016356688.1,0.028571429
WP_010945919.1,0.028571429
WP_010946075.1,0.028571429
WP_010946543.1,0.028571429
WP_010947700.1,0.028571429
WP_010947778.1,0.028571429
WP_010947908.1,0.028571429
WP_015444179.1,0.028571429
WP_015444158.1,0.028571429
WP_010948302.1,0.028571429
WP_015444824.1,0.028523489932885907
WP_010948284.1,0.028508772
WP_010948453.1,0.028503562945368172
WP_010947959.1,0.028497409
WP_010945946.1,0.028455284552845527
WP_010946704.1,0.028455284552845527
WP_010947961.1,0.028446389496717725
WP_010946907.1,0.028409090909090908
WP_010947021.1,0.028409090909090908
WP_010948009.1,0.028409090909090908
WP_016357024.1,0.028409090909090908
WP_010947144.1,0.028368794326241134
WP_010947268.1,0.028368794326241134
WP_014844166.1,0.028368794326241134
WP_010948568.1,0.028358208955223882
WP_010948234.1,0.028350515463917526
WP_010948282.1,0.028350515463917526
WP_010947050.1,0.028340081
WP_025862451.1,0.028328611898016998
WP_010946023.1,0.028301887
WP_015444855.1,0.028301887
WP_011213301.1,0.028301887
WP_015444701.1,0.028301887
WP_010947020.1,0.028301887
WP_010947346.1,0.028301887
WP_010948163.1,0.028301887
WP_010946822.1,0.028286189683860232
WP_010946231.1,0.028282828282828285
WP_011946665.1,0.028282828282828285
WP_010946598.1,0.028248588
WP_010948564.1,0.028248588
WP_025862444.1,0.028239203
WP_010947796.1,0.028192371475953566
WP_010946261.1,0.028169014084507043
WP_010947658.1,0.028169014084507043
WP_015444203.1,0.028169014084507043
WP_010948257.1,0.028169014084507043
WP_010948537.1,0.028169014084507043
WP_010947102.1,0.028125
WP_010946812.1,0.028119507908611598
WP_015444953.1,0.028112449799196786
WP_010948480.1,0.028112449799196786
WP_010948329.1,0.028089887640449437
WP_010948454.1,0.028089887640449437
WP_025862459.1,0.028070175438596492
WP_010947606.1,0.028037383177570093
WP_010946514.1,0.028011204481792718
WP_010946492.1,0.028
WP_010946969.1,0.028
WP_015444876.1,0.027972027972027972
WP_015444420.1,0.027972027972027972
WP_015444347.1,0.027972027972027972
WP_010948500.1,0.027972027972027972
WP_015444695.1,0.027950310559006212
WP_010948356.1,0.027950310559006212
WP_010946620.1,0.027932960893854747
WP_011216616.1,0.027932960893854747
WP_010947872.1,0.027925531914893616
WP_010947013.1,0.027888446215139442
WP_015443912.1,0.027888446215139442
WP_015444572.1,0.027881040892193308
WP_015444367.1,0.027874564459930314
WP_010946708.1,0.027855153203342618
WP_010947111.1,0.027837259100642397
WP_010946882.1,0.027833001988071572
WP_011213323.1,0.02781457
WP_015444931.1,0.027777777777777776
WP_010946027.1,0.027777777777777776
WP_010946066.1,0.027777777777777776
WP_010946107.1,0.027777777777777776
WP_010946167.1,0.027777777777777776
WP_010947288.1,0.027777777777777776
WP_010947727.1,0.027777777777777776
WP_015444186.1,0.027722772277227723
WP_015444177.1,0.027700831024930747
WP_015444878.1,0.027692307692307693
WP_010947412.1,0.027681661
WP_010946792.1,0.027667984
WP_010947490.1,0.027649769585253458
WP_010948373.1,0.027624309392265192
WP_010946317.1,0.027607361963190184
WP_010948158.1,0.027600849256900213
WP_010946442.1,0.027586206896551724
WP_015444350.1,0.027568922
WP_010948197.1,0.027542373
WP_015444936.1,0.027522935779816515
WP_010946718.1,0.027522935779816515
WP_011946427.1,0.027522935779816515
WP_010947351.1,0.027522935779816515
WP_010947360.1,0.027522935779816515
WP_010947934.1,0.027504912
WP_014840953.1,0.027472527472527472
WP_010946157.1,0.027472527472527472
WP_015444607.1,0.027472527472527472
WP_016356874.1,0.027472527472527472
WP_010948274.1,0.027472527472527472
WP_015443913.1,0.027439024390243903
WP_010947330.1,0.027426160337552744
WP_223804312.1,0.02739726
WP_010946913.1,0.027363184
WP_010946646.1,0.02734375
WP_010948555.1,0.02734375
WP_015444857.1,0.027322404
WP_010948590.1,0.027322404
WP_027223831.1,0.027292576419213975
WP_010946125.1,0.027291812
WP_015444943.1,0.027272727
WP_010946018.1,0.027272727
WP_016356908.1,0.027272727
WP_011946719.1,0.027247956403269755
WP_010947642.1,0.027241771
WP_010947507.1,0.027237354085603113
WP_010947948.1,0.027237354085603113
WP_010945842.1,0.027210884353741496
WP_010948464.1,0.027210884353741496
WP_010945789.1,0.027190332326283987
WP_010945802.1,0.027190332326283987
WP_015444837.1,0.027190332326283987
WP_015444384.1,0.027190332326283987
WP_102990626.1,0.027173913
WP_010947747.1,0.027164685908319185
WP_010948051.1,0.027164685908319185
WP_010946456.1,0.027144408
WP_025862402.1,0.027131782945736434
WP_010945937.1,0.027083333333333334
WP_010946526.1,0.027083333333333334
WP_010948598.1,0.027083333333333334
WP_010947378.1,0.027070063694267517
WP_010946099.1,0.027027027
WP_010946645.1,0.027027027
WP_010946680.1,0.027027027
WP_010946688.1,0.027027027
WP_010946962.1,0.027027027
WP_010947168.1,0.027027027
WP_010947711.1,0.027027027
WP_010947819.1,0.027027027
WP_015444106.1,0.027027027
WP_010948249.1,0.027027027
WP_010948656.1,0.026978417
WP_010947871.1,0.026970954356846474
WP_010946244.1,0.026954177897574125
WP_010947690.1,0.026936026936026935
WP_010946883.1,0.026923076923076925
WP_010947405.1,0.026923076923076925
WP_011946748.1,0.026923076923076925
WP_010948022.1,0.026923076923076925
WP_010946669.1,0.026915113871635612
WP_010947462.1,0.026915113871635612
WP_010946321.1,0.026905829596412557
WP_010945863.1,0.026894866
WP_010946831.1,0.026890756
WP_015444124.1,0.026881720430107527
WP_015444337.1,0.026865671641791045
WP_010947318.1,0.026845637583892617
WP_010948155.1,0.026845637583892617
WP_010947474.1,0.026819923
WP_010945860.1,0.026785714285714284
WP_015444904.1,0.026785714285714284
WP_010947589.1,0.026785714285714284
WP_016356978.1,0.026785714285714284
WP_010947974.1,0.026737967914438502
WP_010946941.1,0.026717557251908396
WP_011216485.1,0.026699029
WP_010946387.1,0.026666667
WP_011213325.1,0.026666667
WP_010947098.1,0.026666667
WP_010947320.1,0.026666667
WP_010947424.1,0.026666667
WP_015444390.1,0.026666667
WP_010947942.1,0.026666667
WP_006870829.1,0.026666667
WP_010948175.1,0.026666667
WP_015444471.1,0.026639344
WP_010948357.1,0.026631158
WP_015444249.1,0.026615969581749048
WP_010945763.1,0.026548673
WP_011946717.1,0.026548673
WP_015444074.1,0.026548673
WP_010948178.1,0.026548673
WP_010948030.1,0.026479751
WP_010946872.1,0.026470588235294117
WP_015443978.1,0.026470588235294117
WP_010945985.1,0.026465028355387523
WP_010946574.1,0.026455026455026454
WP_010946558.1,0.026442307692307692
WP_016356881.1,0.026415094339622643
WP_010945942.1,0.026402640264026403
WP_015443946.1,0.026402640264026403
WP_010948430.1,0.026392961876832845
WP_010948228.1,0.026373626373626374
WP_010946880.1,0.026369168
WP_010948400.1,0.026369168
WP_010946137.1,0.026315789
WP_010946355.1,0.026315789
WP_011213331.1,0.026315789
WP_015444633.1,0.026315789
WP_010947443.1,0.026315789
WP_015444224.1,0.026315789
WP_025862533.1,0.026315789
WP_010948246.1,0.026258206
WP_011946656.1,0.026252983293556086
WP_010946843.1,0.026239067055393587
WP_015444129.1,0.026229508
WP_010947154.1,0.026200873362445413
WP_010947627.1,0.026190476
WP_010945865.1,0.02617801
WP_010946511.1,0.02617801
WP_010947103.1,0.02617801
WP_010947553.1,0.026168224299065422
WP_010946570.1,0.026162791
WP_010947565.1,0.026162791
WP_010945856.1,0.026143790849673203
WP_010947997.1,0.026143790849673203
WP_010948684.1,0.026143790849673203
WP_010946295.1,0.026132404
WP_010947580.1,0.026119402985074626
WP_303260557.1,0.026119402985074626
WP_010946893.1,0.026086957
WP_010948076.1,0.026066350710900472
WP_015444231.1,0.026058631921824105
WP_010947401.1,0.026052104208416832
WP_015444962.1,0.026004728132387706
WP_015444485.1,0.026004728132387706
WP_010948513.1,0.025996533795493933
WP_010946844.1,0.025974025974025976
WP_010947645.1,0.025974025974025976
WP_016357031.1,0.025974025974025976
WP_015443925.1,0.025974025974025976
WP_010947190.1,0.025906735751295335
WP_027223811.1,0.025889967637540454
WP_010946390.1,0.025882353
WP_010948467.1,0.02587519
WP_010945965.1,0.025862069
WP_016356890.1,0.025835866261398176
WP_010948486.1,0.025835866261398176
WP_010946463.1,0.025806451612903226
WP_010947411.1,0.025806451612903226
WP_010948010.1,0.025806451612903226
WP_010948164.1,0.025806451612903226
WP_010948293.1,0.025761124
WP_010946296.1,0.025745257452574527
WP_010946467.1,0.025714285714285714
WP_015444894.1,0.025695931
WP_010945983.1,0.025691699604743084
WP_010947445.1,0.025688073394495414
WP_010947099.1,0.025682182985553772
WP_010946172.1,0.025641026
WP_010946658.1,0.025641026
WP_010946736.1,0.025641026
WP_129329830.1,0.025641026
WP_025862572.1,0.025641026
WP_010947978.1,0.025641026
WP_010948167.1,0.025641026
WP_010948526.1,0.025641026
WP_010948575.1,0.025641026
WP_010948061.1,0.025586354
WP_011214278.1,0.025568182
WP_010947261.1,0.025525525525525526
WP_011946747.1,0.025510204081632654
WP_010945765.1,0.025495750708215296
WP_010947937.1,0.025495750708215296
WP_015443934.1,0.025492468
WP_010947116.1,0.025477707006369428
WP_010945912.1,0.025423728813559324
WP_010946100.1,0.025423728813559324
WP_015444666.1,0.025423728813559324
WP_010946853.1,0.025423728813559324
WP_015444397.1,0.025423728813559324
WP_010947148.1,0.025404157043879907
WP_010948524.1,0.025404157043879907
WP_010946917.1,0.025396825396825397
WP_010946438.1,0.025380710659898477
WP_010946702.1,0.025380710659898477
WP_015444444.1,0.025380710659898477
WP_010948462.1,0.025345622
WP_015444840.1,0.025316456
WP_011215498.1,0.025316456
WP_011946716.1,0.025316456
WP_010948064.1,0.025316456
WP_010946152.1,0.025291829
WP_010946432.1,0.025289779
WP_010947178.1,0.025287356
WP_010947629.1,0.025274725274725275
WP_010946115.1,0.025270758
WP_010947719.1,0.025270758
WP_010948243.1,0.025270758
WP_010945952.1,0.025236593059936908
WP_010947123.1,0.025236593059936908
WP_010947898.1,0.025236593059936908
WP_010946094.1,0.025210084033613446
WP_010946251.1,0.025210084033613446
WP_010947539.1,0.025210084033613446
WP_015444135.1,0.025210084033613446
WP_010948481.1,0.025195482
WP_010947239.1,0.025179856115107913
WP_010947788.1,0.025179856115107913
WP_011946713.1,0.025171625
WP_010947463.1,0.025157232704402517
WP_010948168.1,0.025157232704402517
WP_015444181.1,0.025145067698259187
WP_016356704.1,0.025104603
WP_015444590.1,0.025104603
WP_010947427.1,0.025104603
WP_015444145.1,0.025089605734767026
WP_015444062.1,0.025078369905956112
WP_010946565.1,0.025039123630672927
WP_010945813.1,0.025
WP_010945885.1,0.025
WP_010945886.1,0.025
WP_010946212.1,0.025
WP_015444638.1,0.025
WP_010946834.1,0.025
WP_015444625.1,0.025
WP_015444606.1,0.025
WP_015444123.1,0.025
WP_010948417.1,0.025
WP_010948028.1,0.024960998
WP_010948371.1,0.024943310657596373
WP_010948583.1,0.024937656
WP_016356690.1,0.024911032
WP_010948253.1,0.024911032
WP_015444496.1,0.024875621890547265
WP_011213649.1,0.024861878453038673
WP_010946835.1,0.024844720496894408
WP_010947782.1,0.024844720496894408
WP_010947846.1,0.024844720496894408
WP_010948148.1,0.024844720496894408
WP_010947363.1,0.024822695035460994
WP_010946472.1,0.024816176470588234
WP_025862515.1,0.024813896
WP_010948337.1,0.024813896
WP_010946638.1,0.024793388429752067
WP_010947187.1,0.024793388429752067
WP_010947437.1,0.024793388429752067
WP_010947789.1,0.024793388429752067
WP_010948210.1,0.024783147459727387
WP_010947544.1,0.024767802
WP_010947790.1,0.024734982332155476
WP_010946879.1,0.024707412
WP_010946961.1,0.024691358024691357
WP_010946970.1,0.024691358024691357
WP_010947157.1,0.024691358024691357
WP_010947926.1,0.024691358024691357
WP_010948285.1,0.024691358024691357
WP_010948687.1,0.024691358024691357
WP_010947885.1,0.024671052631578948
WP_010947665.1,0.024663677
WP_015444137.1,0.024647887
WP_015444460.1,0.02464332
WP_010946869.1,0.024630541871921183
WP_010946535.1,0.024608501118568233
WP_010948316.1,0.024608501118568233
WP_010947283.1,0.024604569
WP_010948621.1,0.024590164
WP_015444896.1,0.024539877300613498
WP_010946061.1,0.024539877300613498
WP_011946655.1,0.024539877300613498
WP_010947723.1,0.024539877300613498
WP_010947649.1,0.024509803921568627
WP_010947857.1,0.024509803921568627
WP_010947450.1,0.024489795918367346
WP_010945805.1,0.024475524475524476
WP_010945934.1,0.024475524475524476
WP_010948231.1,0.024475524475524476
WP_010948174.1,0.024456521739130436
WP_010945970.1,0.024427480916030534
WP_010947357.1,0.024390243902439025
WP_015444344.1,0.024390243902439025
WP_015444247.1,0.024390243902439025
WP_025862428.1,0.024390243902439025
WP_072364033.1,0.024390243902439025
WP_015444003.1,0.024390243902439025
WP_010948300.1,0.02435312
WP_015444935.1,0.024336283185840708
WP_015444810.1,0.024330900243309004
WP_010946038.1,0.024324324324324326
WP_010946716.1,0.024305555555555556
WP_010948667.1,0.024305555555555556
WP_015444103.1,0.024299065420560748
WP_015444880.1,0.024271844660194174
WP_010946641.1,0.024242424242424242
WP_010948578.1,0.024221453
WP_015444165.1,0.024213075060532687
WP_010946165.1,0.024193548387096774
WP_015444796.1,0.024193548387096774
WP_010947176.1,0.024193548387096774
WP_010947280.1,0.024193548387096774
WP_010947880.1,0.024193548387096774
WP_016356901.1,0.024175824175824177
WP_010946520.1,0.024169184
WP_010947534.1,0.024169184
WP_010946741.1,0.024154589371980676
WP_010946926.1,0.024154589371980676
WP_010947686.1,0.024154589371980676
WP_025862380.1,0.024154589371980676
WP_015444149.1,0.024132730015082957
WP_010947870.1,0.024128686327077747
WP_015444176.1,0.024128686327077747
WP_010945960.1,0.024122807
WP_010946629.1,0.024122807
WP_010947127.1,0.024096385542168676
WP_015444463.1,0.024096385542168676
WP_015444188.1,0.024096385542168676
WP_010947988.1,0.024096385542168676
WP_011216409.1,0.024096385542168676
WP_010946848.1,0.024081115335868188
WP_010947377.1,0.024077046548956663
WP_010946037.1,0.024048096
WP_010947903.1,0.024038462
WP_010948576.1,0.024038462
WP_011214079.1,0.024024024024024024
WP_010948071.1,0.024013722126929673
WP_010947310.1,0.024
WP_010947781.1,0.024
WP_010948328.1,0.024
WP_010947336.1,0.023980815347721823
WP_010948664.1,0.023968042609853527
WP_010946428.1,0.023961661341853034
WP_010948410.1,0.023959647
WP_010946881.1,0.023952095808383235
WP_016356883.1,0.023952095808383235
WP_015444391.1,0.023952095808383235
WP_015444654.1,0.023923444976076555
WP_010948157.1,0.023923444976076555
WP_015444790.1,0.023890784982935155
WP_010948136.1,0.023890784982935155
WP_015444246.1,0.023847377
WP_016357009.1,0.023847377
WP_010945976.1,0.023809523809523808
WP_004450478.1,0.023809523809523808
WP_015444868.1,0.023809523809523808
WP_010946182.1,0.023809523809523808
WP_015444799.1,0.023809523809523808
WP_011215153.1,0.023809523809523808
WP_010946829.1,0.023809523809523808
WP_010946866.1,0.023809523809523808
WP_010946878.1,0.023809523809523808
WP_025862362.1,0.023809523809523808
WP_010947325.1,0.023809523809523808
WP_015444360.1,0.023809523809523808
WP_010948139.1,0.023809523809523808
WP_010948188.1,0.023809523809523808
WP_015444037.1,0.023809523809523808
WP_010948520.1,0.023809523809523808
WP_010947594.1,0.023746701846965697
WP_010948530.1,0.023738872
WP_010946857.1,0.023715415019762844
WP_010947081.1,0.023715415019762844
WP_027223836.1,0.023696682464454975
WP_010946146.1,0.023668639053254437
WP_011213313.1,0.023648649
WP_010947323.1,0.023648649
WP_010947397.1,0.023648649
WP_331712784.1,0.023640662
WP_010946104.1,0.023622047244094488
WP_011213334.1,0.023622047244094488
WP_010947371.1,0.023622047244094488
WP_010947441.1,0.023622047244094488
WP_010947827.1,0.023622047244094488
WP_010948525.1,0.023622047244094488
WP_010948391.1,0.023612750885478158
WP_010947207.1,0.023608768971332208
WP_010947342.1,0.023608768971332208
WP_010947241.1,0.02359882
WP_010945957.1,0.023584906
WP_010947204.1,0.023584906
WP_010947484.1,0.023584906
WP_010948660.1,0.023575638506876228
WP_015444586.1,0.023560209
WP_011213308.1,0.023529411764705882
WP_010946927.1,0.023529411764705882
WP_016356885.1,0.023529411764705882
WP_015444071.1,0.023529411764705882
WP_015444869.1,0.023489933
WP_011213341.1,0.023489933
WP_010947830.1,0.023460411
WP_010947117.1,0.023454157782515993
WP_025862491.1,0.0234375
WP_010946892.1,0.0234375
WP_010947843.1,0.0234375
WP_010947947.1,0.0234375
WP_015444908.1,0.023411371237458192
WP_010945913.1,0.023391812865497075
WP_010948085.1,0.023391812865497075
WP_010947585.1,0.023364486
WP_010948240.1,0.023354565
WP_010946626.1,0.023346303501945526
WP_010947676.1,0.023346303501945526
WP_010947879.1,0.023346303501945526
WP_015444486.1,0.023310023310023312
WP_016356694.1,0.023297491039426525
WP_010947614.1,0.023294509
WP_016356693.1,0.023255813953488372
WP_010946078.1,0.023255813953488372
WP_010946283.1,0.023255813953488372
WP_010946389.1,0.023255813953488372
WP_010946569.1,0.023255813953488372
WP_016356880.1,0.023255813953488372
WP_010947498.1,0.023255813953488372
WP_010947855.1,0.023255813953488372
WP_010946510.1,0.023206751054852322
WP_010947573.1,0.023201856
WP_014842281.1,0.023201856
WP_010946504.1,0.023188406
WP_010945817.1,0.023178807947019868
WP_013101529.1,0.023178807947019868
WP_010948319.1,0.023166023166023165
WP_010947691.1,0.023148148148148147
WP_010947768.1,0.023148148148148147
WP_010947532.1,0.023131672597864767
WP_010945891.1,0.023114355231143552
WP_010947935.1,0.023090586145648313
WP_010947275.1,0.023076923076923078
WP_010948095.1,0.023041475
WP_010948372.1,0.023041475
WP_010948536.1,0.023041475
WP_010945989.1,0.023032629558541268
WP_102990622.1,0.023017902813299233
WP_025862385.1,0.023006134969325152
WP_010946208.1,0.022988505747126436
WP_010946691.1,0.022959184
WP_010948604.1,0.022959184
WP_015444958.1,0.022935779816513763
WP_015444193.1,0.022932592077831826
WP_010947919.1,0.022922636103151862
WP_011946743.1,0.022916666666666665
WP_010946746.1,0.022900763358778626
WP_010947731.1,0.022900763358778626
WP_015444445.1,0.022865853658536585
WP_010948558.1,0.022857142857142857
WP_010946338.1,0.022821576763485476
WP_010947400.1,0.022779043280182234
WP_010945808.1,0.022727272727272728
WP_010946021.1,0.022727272727272728
WP_010946139.1,0.022727272727272728
WP_011214707.1,0.022727272727272728
WP_010946304.1,0.022727272727272728
WP_010946414.1,0.022727272727272728
WP_010946606.1,0.022727272727272728
WP_010947216.1,0.022727272727272728
WP_015444419.1,0.022727272727272728
WP_015444333.1,0.022727272727272728
WP_010947766.1,0.022727272727272728
WP_010948086.1,0.022727272727272728
WP_010948123.1,0.022727272727272728
WP_011947507.1,0.022727272727272728
WP_010948336.1,0.022727272727272728
WP_010948392.1,0.022727272727272728
WP_010948438.1,0.022727272727272728
WP_010948689.1,0.022727272727272728
WP_015444536.1,0.022690437601296597
WP_010948261.1,0.022680412
WP_010945794.1,0.022670025188916875
WP_010947327.1,0.02266289
WP_010946073.1,0.022660819
WP_010947617.1,0.022658610271903322
WP_010947011.1,0.022648084
WP_010948495.1,0.022641509433962263
WP_010946890.1,0.022613065326633167
WP_015444059.1,0.022613065326633167
WP_010948104.1,0.022598870056497175
WP_010948542.1,0.022580645
WP_016356917.1,0.022565320665083134
WP_010946599.1,0.022556390977443608
WP_015444455.1,0.022556390977443608
WP_010948109.1,0.022556390977443608
WP_010948614.1,0.022556390977443608
WP_010948518.1,0.022544283
WP_015443951.1,0.022540983606557378
WP_015443981.1,0.022535211267605635
WP_010946241.1,0.022522523
WP_010946909.1,0.022508038585209004
WP_225971825.1,0.022488755622188907
WP_010945870.1,0.02247191
WP_010945963.1,0.02247191
WP_010946224.1,0.02247191
WP_010947337.1,0.02247191
WP_010947754.1,0.02247191
WP_015444785.1,0.022443890274314215
WP_010947581.1,0.022435897435897436
WP_010948074.1,0.022435897435897436
WP_010946452.1,0.022421525
WP_011213838.1,0.022408963585434174
WP_010948556.1,0.022388059701492536
WP_010947064.1,0.022371365
WP_010945776.1,0.022332506203473945
WP_027223834.1,0.022332506203473945
WP_010947387.1,0.022312373
WP_010947654.1,0.022312373
WP_015443992.1,0.022284122562674095
WP_010948404.1,0.022277227722772276
WP_011946712.1,0.022271714922048998
WP_010946888.1,0.022222222222222223
WP_153802425.1,0.022222222222222223
WP_010947023.1,0.022222222222222223
WP_010947124.1,0.022222222222222223
WP_010947201.1,0.022222222222222223
WP_010947842.1,0.022222222222222223
WP_015444072.1,0.022222222222222223
WP_015444063.1,0.022222222222222223
WP_010948271.1,0.022222222222222223
WP_010948579.1,0.022222222222222223
WP_011216728.1,0.022222222222222223
WP_015444101.1,0.022191400832177532
WP_010946555.1,0.022160665
WP_010947499.1,0.022151898734177215
WP_015444389.1,0.022151898734177215
WP_015444434.1,0.022135416666666668
WP_032802289.1,0.022127052
WP_010947167.1,0.022123893805309734
WP_010947024.1,0.022099447513812154
WP_010948390.1,0.022099447513812154
WP_010946008.1,0.022082018927444796
WP_010947442.1,0.022058823529411766
WP_010948113.1,0.022058823529411766
WP_010947929.1,0.022044088176352707
WP_010946818.1,0.022026431718061675
WP_010948212.1,0.022026431718061675
WP_015444208.1,0.022014676450967312
WP_015444561.1,0.021978022
WP_010948072.1,0.021978022
WP_010948459.1,0.021978022
WP_010946537.1,0.021929824561403508
WP_015444595.1,0.021929824561403508
WP_015443906.1,0.021929824561403508
WP_025862360.1,0.021897810218978103
WP_010948129.1,0.021897810218978103
WP_015444209.1,0.021863612701717855
WP_010948124.1,0.021857923
WP_010948142.1,0.021857923
WP_010947126.1,0.021844660194174758
WP_010946678.1,0.021834061135371178
WP_011216765.1,0.021834061135371178
WP_010948213.1,0.021810250817884406
WP_025862431.1,0.021806853582554516
WP_015444647.1,0.021775544388609715
WP_016356692.1,0.021739130434782608
WP_010945988.1,0.021739130434782608
WP_010947694.1,0.021739130434782608
WP_010947705.1,0.021739130434782608
WP_010947889.1,0.021739130434782608
WP_015444163.1,0.021739130434782608
WP_153802426.1,0.021739130434782608
WP_010948149.1,0.021739130434782608
WP_010948153.1,0.021739130434782608
WP_010948488.1,0.021739130434782608
WP_015443937.1,0.021739130434782608
WP_010948595.1,0.021739130434782608
WP_010948154.1,0.021715526601520086
WP_281494982.1,0.021680217
WP_010947730.1,0.021645021645021644
WP_011215990.1,0.021645021645021644
WP_010948258.1,0.021645021645021644
WP_010946968.1,0.021634615384615384
WP_010947624.1,0.021630615640599003
WP_010947316.1,0.021621621621621623
WP_010947367.1,0.021621621621621623
WP_010946076.1,0.021613832853025938
WP_010946335.1,0.021582734
WP_016356940.1,0.021582734
WP_010946934.1,0.021568627450980392
WP_010946852.1,0.021563342
WP_010946005.1,0.021551724137931036
WP_010948441.1,0.021538461538461538
WP_010947864.1,0.021526418786692758
WP_011213335.1,0.021505376344086023
WP_010947095.1,0.021505376344086023
WP_010947104.1,0.021505376344086023
WP_010947381.1,0.021505376344086023
WP_032802659.1,0.021505376344086023
WP_010948320.1,0.021477663
WP_010947087.1,0.021464646464646464
WP_010945804.1,0.021459227
WP_010946659.1,0.021447721179624665
WP_010948029.1,0.021447721179624665
WP_010948208.1,0.021428571
WP_015444499.1,0.021420519
WP_015444814.1,0.021390374
WP_010946323.1,0.021390374
WP_010946493.1,0.021390374
WP_010948090.1,0.021390374
WP_010948439.1,0.021390374
WP_015444610.1,0.021333333333333333
WP_010946583.1,0.021327014
WP_010947417.1,0.021324355
WP_010948248.1,0.021321961620469083
WP_015444166.1,0.021311475409836064
WP_010945932.1,0.021276596
WP_010946141.1,0.021276596
WP_010947006.1,0.021276596
WP_015444482.1,0.021276596
WP_010948626.1,0.021276596
WP_010946545.1,0.021231422505307854
WP_010947022.1,0.021231422505307854
WP_010948206.1,0.021231422505307854
WP_015444450.1,0.021226415
WP_011213337.1,0.021220159151193633
WP_010946103.1,0.021212121212121213
WP_010946435.1,0.021201413
WP_015444623.1,0.021186441
WP_010946985.1,0.021186441
WP_015444241.1,0.021176470588235293
WP_015444919.1,0.021164021164021163
WP_010945991.1,0.021156558533145273
WP_010947634.1,0.021141649048625793
WP_010947134.1,0.021126761
WP_013101924.1,0.021126761
WP_010948663.1,0.021126761
WP_010947682.1,0.021113244
WP_010948299.1,0.021080368906455864
WP_015444342.1,0.021069692
WP_015444808.1,0.021052631578947368
WP_010948201.1,0.021052631578947368
WP_010947329.1,0.021028037
WP_010946186.1,0.021021021021021023
WP_010948398.1,0.021008403
WP_015444922.1,0.020979021
WP_015444836.1,0.020979021
WP_010948236.1,0.020979021
WP_010947899.1,0.020967741935483872
WP_010946499.1,0.020958083832335328
WP_015444483.1,0.020942408376963352
WP_010947670.1,0.020942408376963352
WP_010948131.1,0.020920502
WP_010948226.1,0.020905923344947737
WP_010947646.1,0.020887728459530026
WP_010948418.1,0.020887728459530026
WP_010946234.1,0.020881671
WP_010946542.1,0.020876826722338204
WP_010946119.1,0.020833333333333332
WP_010946604.1,0.020833333333333332
WP_025862355.1,0.020833333333333332
WP_010947399.1,0.020833333333333332
WP_025862379.1,0.020833333333333332
WP_010947816.1,0.020833333333333332
WP_010947941.1,0.020833333333333332
WP_223804318.1,0.020833333333333332
WP_010948247.1,0.020833333333333332
WP_015444026.1,0.020833333333333332
WP_010948507.1,0.020833333333333332
WP_016356806.1,0.020802377414561663
WP_010946701.1,0.0208
WP_010947837.1,0.0208
WP_010946470.1,0.020746888
WP_010947062.1,0.020746888
WP_010947054.1,0.020725389
WP_015444402.1,0.020710059171597635
WP_010946864.1,0.020703933747412008
WP_010946396.1,0.020689655172413793
WP_010946422.1,0.020689655172413793
WP_010946946.1,0.020689655172413793
WP_010947344.1,0.020689655172413793
WP_015444889.1,0.020671835
WP_010948239.1,0.020648968
WP_010948307.1,0.020648968
WP_010947652.1,0.020634920634920634
WP_010946282.1,0.020618556701030927
WP_010946556.1,0.020618556701030927
WP_010948186.1,0.020618556701030927
WP_011216576.1,0.020618556701030927
WP_010948008.1,0.020588235294117647
WP_010947563.1,0.020576132
WP_010945810.1,0.020547945
WP_010946790.1,0.020547945
WP_010947457.1,0.020547945
WP_010948301.1,0.020547945
WP_010947085.1,0.020533881
WP_010947452.1,0.020531400966183576
WP_011213256.1,0.020527859237536656
WP_010948262.1,0.020512820512820513
WP_010948584.1,0.020484171322160148
WP_010946797.1,0.020467836
WP_015444554.1,0.020467836
WP_010947767.1,0.020467836
WP_015443940.1,0.020440251572327043
WP_010945927.1,0.020408163
WP_010945959.1,0.020408163
WP_010946154.1,0.020408163
WP_010946161.1,0.020408163
WP_011213300.1,0.020408163
WP_010946480.1,0.020408163
WP_010946611.1,0.020408163
WP_010946819.1,0.020408163
WP_015444583.1,0.020408163
WP_010947071.1,0.020408163
WP_010947219.1,0.020408163
WP_011214003.1,0.020408163
WP_010947808.1,0.020408163
WP_010948202.1,0.020408163
WP_010947143.1,0.020366598778004074
WP_015444698.1,0.020338983050847456
WP_010947083.1,0.020304569
WP_010947255.1,0.020304569
WP_010947674.1,0.020295203
WP_010945901.1,0.02027027
WP_010947541.1,0.02027027
WP_010947972.1,0.02027027
WP_010948227.1,0.02027027
WP_010945896.1,0.020266666666666665
WP_011213304.1,0.020253164556962026
WP_010945820.1,0.020242914979757085
WP_010947017.1,0.020242914979757085
WP_010947439.1,0.020242914979757085
WP_010947647.1,0.020242914979757085
WP_015443883.1,0.020224719101123594
WP_010946393.1,0.020202020202020204
WP_010946515.1,0.020202020202020204
WP_010948422.1,0.020202020202020204
WP_011946657.1,0.020172910662824207
WP_010947433.1,0.020172910662824207
WP_010947188.1,0.020151133501259445
WP_010947492.1,0.020151133501259445
WP_010946364.1,0.020134228187919462
WP_010948103.1,0.020089285714285716
WP_010948127.1,0.020089285714285716
WP_010946959.1,0.020066889632107024
WP_162839583.1,0.02
WP_010946868.1,0.02
WP_010947696.1,0.02
WP_015444105.1,0.02
WP_010948492.1,0.02
WP_010947774.1,0.019950125
WP_011214095.1,0.019933554817275746
WP_010946861.1,0.019920319
WP_010947005.1,0.019867549668874173
WP_010947482.1,0.019867549668874173
WP_010947556.1,0.019867549668874173
WP_010948388.1,0.019867549668874173
WP_025862443.1,0.019858156028368795
WP_010948277.1,0.01984127
WP_010946960.1,0.019830028328611898
WP_011213919.1,0.019801980198019802
WP_010947834.1,0.019801980198019802
WP_010948468.1,0.019801980198019802
WP_010946106.1,0.01978022
WP_010948516.1,0.019775280898876403
WP_010945796.1,0.019762845849802372
WP_010947601.1,0.019753086419753086
WP_010946833.1,0.019736842105263157
WP_010947002.1,0.019736842105263157
WP_014842515.1,0.019736842105263157
WP_010948509.1,0.019736842105263157
WP_010948229.1,0.019713262
WP_010946054.1,0.019704433497536946
WP_010946409.1,0.019685039
WP_015444218.1,0.019685039
WP_010946309.1,0.019662921348314606
WP_010948627.1,0.019662921348314606
WP_010947481.1,0.019638648860958365
WP_010948557.1,0.019633508
WP_010945841.1,0.019607843
WP_223804307.1,0.019607843
WP_010946873.1,0.019607843
WP_010947313.1,0.019607843
WP_015444172.1,0.019607843
WP_162096598.1,0.019607843
WP_010948106.1,0.019607843
WP_010948147.1,0.019607843
WP_010947735.1,0.019572953736654804
WP_010948338.1,0.019565217
WP_010948448.1,0.019548872180451128
WP_010946855.1,0.01953125
WP_010948577.1,0.01953125
WP_010948613.1,0.01953125
WP_010946207.1,0.019527235354573486
WP_010947136.1,0.019522776572668113
WP_010945852.1,0.019480519
WP_025862517.1,0.019480519
WP_021437030.1,0.019480519
WP_010948087.1,0.019480519
WP_010946388.1,0.019464720194647202
WP_010947473.1,0.019455252918287938
WP_015444147.1,0.019455252918287938
WP_015444659.1,0.019417475728155338
WP_010947996.1,0.019417475728155338
WP_010946151.1,0.019400352733686066
WP_010946481.1,0.019379845
WP_010948562.1,0.01937046
WP_014840688.1,0.019354839
WP_011945317.1,0.019354839
WP_010946002.1,0.019354839
WP_010946914.1,0.019354839
WP_010947031.1,0.019354839
WP_010947641.1,0.019354839
WP_010947960.1,0.019354839
WP_010946720.1,0.019342359767891684
WP_015444522.1,0.019337016574585635
WP_010947034.1,0.019323671
WP_010946001.1,0.019305019305019305
WP_010947529.1,0.019292605
WP_010945773.1,0.019230769230769232
WP_010946384.1,0.019230769230769232
WP_010946421.1,0.019230769230769232
WP_010946586.1,0.019230769230769232
WP_015444588.1,0.019230769230769232
WP_010947058.1,0.019230769230769232
WP_010947205.1,0.019230769230769232
WP_010947795.1,0.019230769230769232
WP_010947893.1,0.019230769230769232
WP_015444167.1,0.019230769230769232
WP_010948025.1,0.019230769230769232
WP_010948670.1,0.019230769230769232
WP_010946320.1,0.019184652278177457
WP_010946697.1,0.019163763
WP_010948170.1,0.019157088122605363
WP_010946742.1,0.019138755980861243
WP_010947500.1,0.01910828
WP_010948219.1,0.01910828
WP_010946334.1,0.019099590723055934
WP_010945770.1,0.019093079
WP_010945764.1,0.019073569
WP_015444645.1,0.019073569
WP_010947562.1,0.019067796610169493
WP_010945958.1,0.019047619
WP_010946290.1,0.019047619
WP_010946936.1,0.019047619
WP_010947338.1,0.019047619
WP_010948290.1,0.019011406844106463
WP_015443933.1,0.019002375296912115
WP_015444500.1,0.018987342
WP_010948636.1,0.018987342
WP_223804314.1,0.018970189701897018
WP_010947702.1,0.018947368421052633
WP_013101538.1,0.018939394
WP_010947212.1,0.018903592
WP_010945783.1,0.018867924528301886
WP_010946541.1,0.018867924528301886
WP_010946886.1,0.018867924528301886
WP_010947128.1,0.018867924528301886
WP_010947914.1,0.018867924528301886
WP_015444088.1,0.018867924528301886
WP_010948017.1,0.018851756640959727
WP_010948004.1,0.018823529411764704
WP_015443944.1,0.018823529411764704
WP_015444578.1,0.018808777429467086
WP_010948506.1,0.018808777429467086
WP_010946998.1,0.018796992481203006
WP_010947198.1,0.018796992481203006
WP_010948393.1,0.018796992481203006
WP_015444009.1,0.018791946
WP_010947859.1,0.018779342723004695
WP_015444907.1,0.01875
WP_010946466.1,0.01875
WP_010948325.1,0.018744142
WP_016356900.1,0.018726591760299626
WP_015443942.1,0.018691588785046728
WP_010946471.1,0.018656716417910446
WP_010947712.1,0.018656716417910446
WP_010948563.1,0.018648018648018648
WP_010947925.1,0.018644068
WP_010946763.1,0.018633540372670808
WP_025862367.1,0.018633540372670808
WP_010946110.1,0.018604651162790697
WP_010947478.1,0.018604651162790697
WP_010946754.1,0.018567639
WP_015444553.1,0.018544935805991442
WP_010946020.1,0.018518518518518517
WP_223804303.1,0.018518518518518517
WP_010946732.1,0.018518518518518517
WP_010947032.1,0.018518518518518517
WP_010947249.1,0.018518518518518517
WP_010947966.1,0.018518518518518517
WP_015444155.1,0.018518518518518517
WP_010948014.1,0.018518518518518517
WP_010948508.1,0.018518518518518517
WP_010948620.1,0.018518518518518517
WP_011946725.1,0.018469656992084433
WP_010947257.1,0.018450185
WP_010948618.1,0.018442622950819672
WP_010947757.1,0.018433179723502304
WP_010946391.1,0.018382353
WP_010947036.1,0.018382353
WP_010948347.1,0.018382353
WP_010948609.1,0.018372703
WP_010947680.1,0.018348624
WP_015444548.1,0.018324607
WP_010948195.1,0.018292682926829267
WP_010948000.1,0.01826484
WP_010948343.1,0.01826484
WP_011216518.1,0.01826484
WP_010946372.1,0.018255578093306288
WP_015444571.1,0.018242123
WP_010946434.1,0.018229166666666668
WP_010947326.1,0.018223234624145785
WP_010947348.1,0.018223234624145785
WP_010946169.1,0.018181818
WP_010946682.1,0.018181818
WP_010946996.1,0.018181818
WP_015444236.1,0.018181818
WP_010947839.1,0.018181818
WP_010948505.1,0.018181818
WP_010945887.1,0.018148820326678767
WP_010946623.1,0.018115942028985508
WP_010945833.1,0.018099548
WP_010946908.1,0.018099548
WP_015444114.1,0.018099548
WP_010948522.1,0.018099548
WP_010946651.1,0.018083182640144666
WP_015444435.1,0.018072289156626505
WP_011214080.1,0.018072289156626505
WP_010946562.1,0.018058691
WP_010948062.1,0.018050541516245487
WP_010947592.1,0.018032786885245903
WP_011213210.1,0.018018018018018018
WP_011213324.1,0.018018018018018018
WP_010946839.1,0.017964071856287425
WP_010948466.1,0.017964071856287425
WP_010947236.1,0.017948717948717947
WP_010948685.1,0.017937219730941704
WP_010946849.1,0.017921146953405017
WP_010947150.1,0.017921146953405017
WP_010948383.1,0.017886179
WP_011213200.1,0.017857142857142856
WP_011213345.1,0.017857142857142856
WP_016356807.1,0.017857142857142856
WP_015444582.1,0.017857142857142856
WP_010946963.1,0.017857142857142856
WP_010947317.1,0.017857142857142856
WP_010947882.1,0.017857142857142856
WP_010946371.1,0.017817371937639197
WP_010946805.1,0.017811704834605598
WP_010948345.1,0.017799353
WP_025862498.1,0.017793594306049824
WP_015444901.1,0.017777777777777778
WP_010946585.1,0.017777777777777778
WP_011946571.1,0.017777777777777778
WP_010947331.1,0.017777777777777778
WP_010948032.1,0.017777777777777778
WP_010948264.1,0.017777777777777778
WP_010947955.1,0.017751479
WP_010948521.1,0.017743979721166033
WP_010946764.1,0.017740429505135387
WP_010947533.1,0.017730496
WP_010945858.1,0.017699115044247787
WP_010946009.1,0.017699115044247787
WP_010946155.1,0.017699115044247787
WP_015444237.1,0.017699115044247787
WP_010948321.1,0.017699115044247787
WP_010946509.1,0.017667845
WP_015444627.1,0.017667845
WP_010948658.1,0.017667845
WP_011214781.1,0.017647059
WP_010948295.1,0.017647059
WP_010946538.1,0.017636684
WP_010945857.1,0.017632241813602016
WP_010947710.1,0.017632241813602016
WP_015444780.1,0.017621145
WP_010948334.1,0.017621145
WP_010946408.1,0.017615176151761516
WP_010947695.1,0.017582417582417582
WP_010948482.1,0.017582417582417582
WP_010945909.1,0.017543859649122806
WP_015444926.1,0.017543859649122806
WP_011213213.1,0.017543859649122806
WP_011213340.1,0.017543859649122806
WP_153802424.1,0.017543859649122806
WP_010946749.1,0.017543859649122806
WP_015444644.1,0.017543859649122806
WP_010948082.1,0.017543859649122806
WP_011947894.1,0.017543859649122806
WP_010947218.1,0.017492711
WP_010948419.1,0.017492711
WP_010947476.1,0.017482517482517484
WP_010946149.1,0.017467248908296942
WP_010947607.1,0.017452006980802792
WP_010946142.1,0.017421602787456445
WP_015444491.1,0.017421602787456445
WP_010946276.1,0.017391304347826087
WP_027223830.1,0.017391304347826087
WP_010948296.1,0.017391304347826087
WP_015444523.1,0.017381228
WP_010946607.1,0.017361111111111112
WP_010947215.1,0.017341040462427744
WP_010947511.1,0.017341040462427744
WP_010947824.1,0.017341040462427744
WP_016356721.1,0.017326732673267328
WP_010947312.1,0.017316017316017316
WP_010947698.1,0.017291066
WP_010948138.1,0.017291066
WP_014840774.1,0.017241379310344827
WP_025862488.1,0.017241379310344827
WP_010946488.1,0.017241379310344827
WP_010946902.1,0.017218543046357615
WP_010948335.1,0.017208413001912046
WP_010947916.1,0.017199017
WP_015444575.1,0.017182131
WP_010946643.1,0.017167381974248927
WP_015444495.1,0.017167381974248927
WP_011213221.1,0.017133956386292833
WP_010946687.1,0.017123287671232876
WP_011216651.1,0.017107309486780714
WP_010945974.1,0.017021277
WP_010947728.1,0.017021277
WP_010945945.1,0.017006802721088437
WP_010946854.1,0.017006802721088437
WP_010947278.1,0.017006802721088437
WP_010948560.1,0.017006802721088437
WP_010948192.1,0.017001545595054096
WP_010948322.1,0.016997167
WP_010946589.1,0.016985138004246284
WP_010948644.1,0.016981132075471698
WP_010946003.1,0.016949153
WP_010946311.1,0.016949153
WP_010947048.1,0.016949153
WP_010947596.1,0.016949153
WP_010947831.1,0.016949153
WP_010948478.1,0.016949153
WP_010948678.1,0.016949153
WP_010945874.1,0.016908212560386472
WP_010947630.1,0.016908212560386472
WP_015444060.1,0.016891891891891893
WP_010947845.1,0.016885553470919325
WP_010947814.1,0.016877637130801686
WP_025862502.1,0.016863406408094434
WP_011216580.1,0.016853932584269662
WP_010946624.1,0.016835016835016835
WP_010946430.1,0.016830294530154277
WP_223804319.1,0.016826923076923076
WP_015444835.1,0.016806723
WP_010947635.1,0.016806723
WP_015444097.1,0.016806723
WP_010948412.1,0.016806723
WP_010948342.1,0.016766467065868262
WP_010946093.1,0.016759777
WP_015444127.1,0.016759777
WP_010947043.1,0.016740088105726872
WP_010946928.1,0.016736401673640166
WP_010947203.1,0.016736401673640166
WP_010947848.1,0.016728624535315983
WP_010946502.1,0.016722408026755852
WP_010947025.1,0.016701461377870562
WP_010945785.1,0.016666666666666666
WP_010945798.1,0.016666666666666666
WP_010946519.1,0.016666666666666666
WP_010947049.1,0.016666666666666666
WP_010947621.1,0.016666666666666666
WP_010948341.1,0.016666666666666666
WP_015443945.1,0.016666666666666666
WP_014842671.1,0.016620499
WP_015444585.1,0.016597510373443983
WP_010947858.1,0.016597510373443983
WP_015443949.1,0.016597510373443983
WP_010946552.1,0.016587677725118485
WP_010946639.1,0.016574585635359115
WP_015443991.1,0.016563146997929608
WP_010946158.1,0.016528926
WP_010946544.1,0.016528926
WP_010946979.1,0.016528926
WP_010948152.1,0.016528926
WP_010948354.1,0.016528926
WP_010946024.1,0.016509434
WP_015444406.1,0.016509434
WP_010948375.1,0.01650165
WP_015443919.1,0.016494845360824743
WP_010946377.1,0.016483516483516484
WP_010946663.1,0.016483516483516484
WP_010946931.1,0.016483516483516484
WP_010946633.1,0.016460905
WP_010947266.1,0.016460905
WP_010946345.1,0.016447368
WP_010945867.1,0.016431925
WP_010945999.1,0.016393443
WP_010947324.1,0.016393443
WP_015444187.1,0.016393443
WP_015443899.1,0.016393443
WP_010946660.1,0.016372796
WP_010946783.1,0.016326531
WP_010948432.1,0.016317016317016316
WP_010947825.1,0.016304347826086956
WP_010947495.1,0.016260162601626018
WP_010948461.1,0.016260162601626018
WP_016356701.1,0.016241299303944315
WP_011213212.1,0.016241299303944315
WP_010946932.1,0.016241299303944315
WP_010947438.1,0.016216216216216217
WP_010947250.1,0.016194331983805668
WP_010948368.1,0.016181229773462782
WP_015444832.1,0.016129032258064516
WP_010946306.1,0.016129032258064516
WP_013101362.1,0.016129032258064516
WP_010947066.1,0.016129032258064516
WP_011216252.1,0.01610306
WP_010946889.1,0.016100178890876567
WP_015444709.1,0.01607717
WP_015444358.1,0.016064257
WP_010947419.1,0.016055045871559634
WP_010947477.1,0.016055045871559634
WP_010946674.1,0.016042780748663103
WP_050070678.1,0.016025641025641024
WP_016356734.1,0.016
WP_010946339.1,0.016
WP_010946631.1,0.016
WP_010946980.1,0.016
WP_010947090.1,0.016
WP_010947657.1,0.016
WP_010947688.1,0.016
WP_010948643.1,0.015968063872255488
WP_010948340.1,0.015957446808510637
WP_011213329.1,0.015936255
WP_015444473.1,0.015923567
WP_011216546.1,0.015915119363395226
WP_010945844.1,0.015873015873015872
WP_010947274.1,0.015873015873015872
WP_010947851.1,0.015873015873015872
WP_010946205.1,0.015857284440039643
WP_011213307.1,0.015810276679841896
WP_010947783.1,0.015810276679841896
WP_010948102.1,0.015789473684210527
WP_010948676.1,0.015789473684210527
WP_015444614.1,0.015748031496062992
WP_010947471.1,0.015748031496062992
WP_010948034.1,0.015748031496062992
WP_010948162.1,0.015748031496062992
WP_010946498.1,0.015723270440251572
WP_011214698.1,0.015706806282722512
WP_010947732.1,0.015706806282722512
WP_010946563.1,0.015679443
WP_015444504.1,0.015677491601343786
WP_011946762.1,0.015673981
WP_010947079.1,0.015655577299412915
WP_010946086.1,0.015625
WP_011213314.1,0.015625
WP_010946534.1,0.015625
WP_010947775.1,0.015625
WP_015444044.1,0.015625
WP_010948534.1,0.015625
WP_015444956.1,0.015600624024960999
WP_011946295.1,0.015564202
WP_010947096.1,0.015564202
WP_015444806.1,0.015555555555555555
WP_010947088.1,0.015527950310559006
WP_010946043.1,0.015503875968992248
WP_010946286.1,0.015503875968992248
WP_010948645.1,0.015479876160990712
WP_027223829.1,0.015471167369901548
WP_010948166.1,0.015455950540958269
WP_010945862.1,0.015384615384615385
WP_010946385.1,0.015384615384615385
WP_010946695.1,0.015384615384615385
WP_016356887.1,0.015384615384615385
WP_010947118.1,0.015384615384615385
WP_010947535.1,0.015384615384615385
WP_010947590.1,0.015384615384615385
WP_010948255.1,0.015384615384615385
WP_010948675.1,0.015384615384615385
WP_011216490.1,0.015345268542199489
WP_010947567.1,0.01532567
WP_010948401.1,0.015267175572519083
WP_010948673.1,0.015267175572519083
WP_011946659.1,0.015238095238095238
WP_010946588.1,0.015228426395939087
WP_010946475.1,0.015217391304347827
WP_010947174.1,0.015209125475285171
WP_010945961.1,0.015197568389057751
WP_010947464.1,0.015197568389057751
WP_010947485.1,0.015197568389057751
WP_010945998.1,0.015151515151515152
WP_010946029.1,0.015151515151515152
WP_010947389.1,0.015151515151515152
WP_010945788.1,0.01511879
WP_010948458.1,0.015089163237311385
WP_025862495.1,0.015075377
WP_014841277.1,0.015075377
WP_010947896.1,0.015037593984962405
WP_010948528.1,0.015037593984962405
WP_010945834.1,0.015009381
WP_015444415.1,0.014981273
WP_010946051.1,0.014962593516209476
WP_010946821.1,0.014953271028037384
WP_223804306.1,0.014925373134328358
WP_011213058.1,0.014925373134328358
WP_010946989.1,0.014925373134328358
WP_015444385.1,0.014925373134328358
WP_011214258.1,0.014925373134328358
WP_010947112.1,0.014869888
WP_010947799.1,0.014851485
WP_010948269.1,0.014851485
WP_015444229.1,0.014830508474576272
WP_010948241.1,0.014814814814814815
WP_010946170.1,0.014799154334038054
WP_010946587.1,0.014792899408284023
WP_015444452.1,0.014792899408284023
WP_010946184.1,0.014778325123152709
WP_015444051.1,0.014778325123152709
WP_015444948.1,0.014705882352941176
WP_010947516.1,0.014705882352941176
WP_021436844.1,0.014705882352941176
WP_010948512.1,0.014705882352941176
WP_010946280.1,0.014669926650366748
WP_010948349.1,0.014662757
WP_010946735.1,0.014652014652014652
WP_010945939.1,0.014634146341463415
WP_015444100.1,0.014634146341463415
WP_010946737.1,0.014598540145985401
WP_010946916.1,0.014598540145985401
WP_010946102.1,0.014563106796116505
WP_010948402.1,0.014563106796116505
WP_015444422.1,0.014545454545454545
WP_010945971.1,0.014492753623188406
WP_011213320.1,0.014492753623188406
WP_010947832.1,0.014492753623188406
WP_010948132.1,0.014492753623188406
WP_025862413.1,0.014457831325301205
WP_010946982.1,0.014450867052023121
WP_010948254.1,0.014414414414414415
WP_010948637.1,0.014409222
WP_016356737.1,0.014388489208633094
WP_010948012.1,0.014388489208633094
WP_010946440.1,0.014362657
WP_010946206.1,0.014354066985645933
WP_015444221.1,0.014354066985645933
WP_010947300.1,0.014319809069212411
WP_015444862.1,0.014285714285714285
WP_010946733.1,0.014285714285714285
WP_010947092.1,0.014285714285714285
WP_011216778.1,0.014285714285714285
WP_015443930.1,0.014234875444839857
WP_010946995.1,0.014218009478672985
WP_010945786.1,0.014184397163120567
WP_010948596.1,0.014184397163120567
WP_015444579.1,0.014150943396226415
WP_010945984.1,0.014134275618374558
WP_126297583.1,0.014084507042253521
WP_010947273.1,0.014084507042253521
WP_015444392.1,0.014084507042253521
WP_011216527.1,0.014084507042253521
WP_015444620.1,0.014066496163682864
WP_010946287.1,0.014051522
WP_010945895.1,0.014044943820224719
WP_015444240.1,0.014018691588785047
WP_010945777.1,0.014005602240896359
WP_223381092.1,0.013986013986013986
WP_010947671.1,0.013986013986013986
WP_016356730.1,0.013953488372093023
WP_010947133.1,0.013953488372093023
WP_010947560.1,0.013953488372093023
WP_010947410.1,0.013944223107569721
WP_010946035.1,0.013937282229965157
WP_010947251.1,0.013937282229965157
WP_010948116.1,0.013927576601671309
WP_010946097.1,0.013888888888888888
WP_010946617.1,0.013888888888888888
WP_010947862.1,0.013888888888888888
WP_014326988.1,0.013888888888888888
WP_016357055.1,0.013869625520110958
WP_010946507.1,0.013861386138613862
WP_010947570.1,0.013793103448275862
WP_015444006.1,0.013793103448275862
WP_016356705.1,0.013774104683195593
WP_010946354.1,0.013774104683195593
WP_011213310.1,0.013745704467353952
WP_010948483.1,0.013745704467353952
WP_010948286.1,0.013736263736263736
WP_015444660.1,0.013729977116704805
WP_015444219.1,0.013729977116704805
WP_010946654.1,0.01369863
WP_010948469.1,0.01369863
WP_015444477.1,0.013623978201634877
WP_010947672.1,0.013623978201634877
WP_010946156.1,0.013605442176870748
WP_010946825.1,0.013605442176870748
WP_010946877.1,0.013605442176870748
WP_016357050.1,0.013605442176870748
WP_010948207.1,0.013559322033898305
WP_010948668.1,0.013539651837524178
WP_010947030.1,0.013530135301353014
WP_010945850.1,0.013513513513513514
WP_015444243.1,0.013513513513513514
WP_010945814.1,0.013468013468013467
WP_010948033.1,0.013468013468013467
WP_010947209.1,0.013452914798206279
WP_010947638.1,0.013452914798206279
WP_010947388.1,0.013440860215053764
WP_010947574.1,0.013422818791946308
WP_010948289.1,0.013400335
WP_010947272.1,0.013392857142857142
WP_014843644.1,0.013377926421404682
WP_010948435.1,0.013368983957219251
WP_010945859.1,0.013333333333333334
WP_010946178.1,0.013333333333333334
WP_010947526.1,0.013333333333333334
WP_014326931.1,0.013333333333333334
WP_010948358.1,0.013333333333333334
WP_010948632.1,0.013333333333333334
WP_010948679.1,0.013266998341625208
WP_010946612.1,0.013262599469496022
WP_010946548.1,0.013245033112582781
WP_010947256.1,0.013245033112582781
WP_010947890.1,0.013245033112582781
WP_010948387.1,0.013245033112582781
WP_010947246.1,0.013227513227513227
WP_010946046.1,0.013215859030837005
WP_010945782.1,0.013201320132013201
WP_015444797.1,0.013192612137203167
WP_010946721.1,0.013186813186813187
WP_015444957.1,0.013157894736842105
WP_015444813.1,0.013157894736842105
WP_011214789.1,0.013157894736842105
WP_010948035.1,0.013157894736842105
WP_010948250.1,0.013157894736842105
WP_015444546.1,0.013100436681222707
WP_010948666.1,0.013100436681222707
WP_010945938.1,0.013089005235602094
WP_010946454.1,0.013071895424836602
WP_010947836.1,0.013071895424836602
WP_014843488.1,0.013043478260869565
WP_011946434.1,0.013043478260869565
WP_010948493.1,0.013043478260869565
WP_016356919.1,0.013020833333333334
WP_010947183.1,0.013015184381778741
WP_010947793.1,0.013015184381778741
WP_010946449.1,0.012987012987012988
WP_223804290.1,0.012987012987012988
WP_015444171.1,0.012987012987012988
WP_015444794.1,0.012919896640826873
WP_010947229.1,0.012875536480686695
WP_010947679.1,0.012875536480686695
WP_010946153.1,0.012847966
WP_010947393.1,0.012847966
WP_223804301.1,0.012841091492776886
WP_010946444.1,0.012820513
WP_015444058.1,0.012820513
WP_010948491.1,0.012820513
WP_015444920.1,0.012793177
WP_010945947.1,0.012779552715654952
WP_010947854.1,0.012779552715654952
WP_010945831.1,0.012755102040816327
WP_010947197.1,0.012738853503184714
WP_010948144.1,0.012738853503184714
WP_010945830.1,0.012698412698412698
WP_010946042.1,0.012690355329949238
WP_010946358.1,0.012658227848101266
WP_072363891.1,0.012658227848101266
WP_010946975.1,0.012658227848101266
WP_010947803.1,0.012658227848101266
WP_010948044.1,0.012658227848101266
WP_010948477.1,0.012658227848101266
WP_010945898.1,0.012626262626262626
WP_010946522.1,0.012618296529968454
WP_015443885.1,0.012594458438287154
WP_010946549.1,0.012578616352201259
WP_010947613.1,0.012578616352201259
WP_010948548.1,0.012578616352201259
WP_010948574.1,0.012558869701726845
WP_010947930.1,0.012552301255230125
WP_010948311.1,0.012552301255230125
WP_010946632.1,0.012539184952978056
WP_032828680.1,0.012534818941504178
WP_010946966.1,0.012531328320802004
WP_010947093.1,0.012531328320802004
WP_027223825.1,0.0125
WP_016356946.1,0.0125
WP_010947689.1,0.0125
WP_015443886.1,0.0125
WP_010947444.1,0.012455516014234875
WP_010946007.1,0.012448132780082987
WP_010948615.1,0.012448132780082987
WP_010946901.1,0.012422360248447204
WP_010946164.1,0.012345679012345678
WP_010946582.1,0.012345679012345678
WP_011213531.1,0.012345679012345678
WP_010947838.1,0.012345679012345678
WP_010947252.1,0.012315270935960592
WP_010946597.1,0.012307692307692308
WP_015444497.1,0.012285012285012284
WP_025862417.1,0.012285012285012284
WP_010947077.1,0.012269938650306749
WP_015444248.1,0.012269938650306749
WP_010948374.1,0.012269938650306749
WP_010948122.1,0.012259194395796848
WP_015444818.1,0.012244897959183673
WP_010947284.1,0.012244897959183673
WP_010947762.1,0.012244897959183673
WP_010947208.1,0.012219959266802444
WP_010946703.1,0.012216404886561954
WP_010946267.1,0.012211668928086838
WP_010945986.1,0.012195121951219513
WP_016357023.1,0.012195121951219513
WP_010946640.1,0.012145748987854251
WP_010947976.1,0.012135922330097087
WP_010947818.1,0.012121212121212121
WP_010948058.1,0.012121212121212121
WP_010948291.1,0.012121212121212121
WP_010946455.1,0.012048192771084338
WP_010946657.1,0.012048192771084338
WP_010947964.1,0.012048192771084338
WP_010948292.1,0.012048192771084338
WP_015444895.1,0.012024048096192385
WP_010948565.1,0.012006861063464836
WP_025862512.1,0.012
WP_015444498.1,0.012
WP_010947940.1,0.012
WP_010948434.1,0.012
WP_015443887.1,0.011976047904191617
WP_015444404.1,0.011952191
WP_025862442.1,0.011945392491467578
WP_016356722.1,0.011918951132300357
WP_010946095.1,0.011904761904761904
WP_010946406.1,0.011904761904761904
WP_010946458.1,0.011904761904761904
WP_010946661.1,0.011904761904761904
WP_223804300.1,0.011904761904761904
WP_010948278.1,0.011904761904761904
WP_010946453.1,0.011869436201780416
WP_010946322.1,0.011811023622047244
WP_010947659.1,0.011764705882352941
WP_010948471.1,0.011764705882352941
WP_010946621.1,0.011737089201877934
WP_015444568.1,0.011730205278592375
WP_010947513.1,0.01171875
WP_010947459.1,0.011709602
WP_015444130.1,0.011695906432748537
WP_010946136.1,0.011673151750972763
WP_010948048.1,0.011673151750972763
WP_010946700.1,0.011650485436893204
WP_010946328.1,0.011627906976744186
WP_011213333.1,0.011627906976744186
WP_010946798.1,0.011627906976744186
WP_010946799.1,0.011627906976744186
WP_015444034.1,0.011627906976744186
WP_011216740.1,0.011627906976744186
WP_015444437.1,0.011594202898550725
WP_011215805.1,0.011583011583011582
WP_010947217.1,0.011560693641618497
WP_010947571.1,0.011538461538461539
WP_011213142.1,0.011494252873563218
WP_010946971.1,0.011494252873563218
WP_223804289.1,0.011494252873563218
WP_015444899.1,0.011428571428571429
WP_223804294.1,0.011428571428571429
WP_010947340.1,0.011428571428571429
WP_010946731.1,0.011363636363636364
WP_010947564.1,0.011363636363636364
WP_011213230.1,0.011337868480725623
WP_014840959.1,0.011312217194570135
WP_010946052.1,0.011299435028248588
WP_015444502.1,0.011299435028248588
WP_010946300.1,0.011267605633802818
WP_011213993.1,0.011235955056179775
WP_010947644.1,0.011235955056179775
WP_016357044.1,0.011235955056179775
WP_010948107.1,0.011173184
WP_010947681.1,0.011133603238866396
WP_010946120.1,0.011111111111111112
WP_010946221.1,0.011111111111111112
WP_010946410.1,0.011111111111111112
WP_010948323.1,0.011111111111111112
WP_014842884.1,0.011111111111111112
WP_070065546.1,0.011059190031152648
WP_010946159.1,0.011049723756906077
WP_010947486.1,0.011029411764705883
WP_010945827.1,0.010989011
WP_011946148.1,0.010989011
WP_010946874.1,0.010948905109489052
WP_010947392.1,0.010931806350858927
WP_010946090.1,0.010928962
WP_010947451.1,0.010869565217391304
WP_015444335.1,0.010869565217391304
WP_010947886.1,0.010869565217391304
WP_016356699.1,0.010840108
WP_025862396.1,0.010830324909747292
WP_010945923.1,0.010752688172043012
WP_010946289.1,0.010752688172043012
WP_011213305.1,0.010752688172043012
WP_010946581.1,0.010752688172043012
WP_010947069.1,0.010752688172043012
WP_010947651.1,0.010752688172043012
WP_010947990.1,0.010752688172043012
WP_010947666.1,0.010695187
WP_010947999.1,0.010695187
WP_010945955.1,0.010680907877169559
WP_010947086.1,0.010638297872340425
WP_010947159.1,0.010638297872340425
WP_010947678.1,0.010638297872340425
WP_010948641.1,0.010638297872340425
WP_010947409.1,0.010600707
WP_015444882.1,0.010582010582010581
WP_010946418.1,0.010526315789473684
WP_010947469.1,0.010526315789473684
WP_010947811.1,0.010526315789473684
WP_010946450.1,0.010510510510510511
WP_010945950.1,0.010416666666666666
WP_010946424.1,0.010416666666666666
WP_014843090.1,0.010416666666666666
WP_010947108.1,0.010416666666666666
WP_010947151.1,0.010416666666666666
WP_015444805.1,0.01038961
WP_010945882.1,0.010362694300518135
WP_010946330.1,0.010362694300518135
WP_010947245.1,0.010362694300518135
WP_011946749.1,0.010362694300518135
WP_014843422.1,0.010309278350515464
WP_010947224.1,0.010309278350515464
WP_010947805.1,0.010309278350515464
WP_010947821.1,0.010309278350515464
WP_010948118.1,0.010309278350515464
WP_010948442.1,0.010282776349614395
WP_010945916.1,0.010273972602739725
WP_010947440.1,0.010273972602739725
WP_010946705.1,0.01026694
WP_025862427.1,0.010238907849829351
WP_010946699.1,0.010204082
WP_010945866.1,0.010101010101010102
WP_010947139.1,0.010101010101010102
WP_010948141.1,0.010101010101010102
WP_010946004.1,0.010050251256281407
WP_010946293.1,0.010050251256281407
WP_015444082.1,0.010050251256281407
WP_010948309.1,0.010050251256281407
WP_010946091.1,0.01
WP_010947760.1,0.01
WP_010947806.1,0.01
WP_015444184.1,0.01
WP_011945546.1,0.009950249
WP_011946715.1,0.00990099
WP_010948111.1,0.00990099
WP_014843370.1,0.009868421
WP_015444487.1,0.00984252
WP_010948073.1,0.009803922
WP_010948541.1,0.00974026
WP_010946301.1,0.009708738
WP_010947480.1,0.009708738
WP_010947717.1,0.009708738
WP_010947968.1,0.009708738
WP_015443939.1,0.009708738
WP_010946656.1,0.009661836
WP_010947487.1,0.009615385
WP_025862458.1,0.009569378
WP_011213318.1,0.009546539
WP_015444671.1,0.009532888
WP_010946546.1,0.00952381
WP_010947413.1,0.00952381
WP_010946298.1,0.009433962
WP_010947475.1,0.009433962
WP_010946616.1,0.009389671
WP_010947610.1,0.009389671
WP_015443948.1,0.009389671
WP_010946897.1,0.009345794
WP_010947954.1,0.009302326
WP_010945883.1,0.009259259
WP_010946533.1,0.009259259
WP_011213487.1,0.009259259
WP_010947065.1,0.009259259
WP_010947619.1,0.009259259
WP_010947707.1,0.009259259
WP_010948610.1,0.009225092
WP_010946084.1,0.009174312
WP_025862361.1,0.009174312
WP_010947517.1,0.009174312
WP_223499473.1,0.009174312
WP_197535493.1,0.009107468
WP_015443916.1,0.009107468
WP_010946083.1,0.009009009
WP_010947640.1,0.009009009
WP_010947718.1,0.009009009
WP_015444370.1,0.008982036
WP_010947745.1,0.008928571
WP_010948445.1,0.008928571
WP_015444634.1,0.008918618
WP_010946457.1,0.008866995
WP_010946593.1,0.008849558
WP_010947051.1,0.008849558
WP_010947130.1,0.008849558
WP_010948220.1,0.008849558
WP_015444409.1,0.008797654
WP_010946121.1,0.00877193
WP_010948423.1,0.00877193
WP_010946954.1,0.008695652
WP_010945780.1,0.00867679
WP_015444615.1,0.008658009
WP_010947418.1,0.00862069
WP_010947801.1,0.00862069
WP_010947887.1,0.008563273
WP_010948543.1,0.008522727
WP_010946369.1,0.008510638
WP_013101527.1,0.008498584
WP_010947380.1,0.008492569
WP_010946367.1,0.008450704
WP_010946192.1,0.008333333
WP_015444826.1,0.008333333
WP_010946278.1,0.008333333
WP_010946686.1,0.008333333
WP_025862375.1,0.008333333
WP_010947141.1,0.008333333
WP_010948339.1,0.008333333
WP_010947057.1,0.008310249
WP_010946088.1,0.008264463
WP_010946144.1,0.008264463
WP_010946730.1,0.008264463
WP_010948070.1,0.008264463
WP_015444793.1,0.008247423
WP_010946896.1,0.008230453
WP_010946239.1,0.008196721
WP_010947470.1,0.008196721
WP_015444576.1,0.008174387
WP_010946468.1,0.008163265
WP_010948570.1,0.008163265
WP_010946067.1,0.008130081
WP_010948403.1,0.008130081
WP_010948517.1,0.008130081
WP_010948344.1,0.00811359
WP_010945799.1,0.008097166
WP_011213883.1,0.008064516
WP_010946397.1,0.008042895
WP_010947515.1,0.008032129
WP_010947115.1,0.008
WP_025520140.1,0.008
WP_011214699.1,0.007978723
WP_011216798.1,0.007968127
WP_015444506.1,0.007936508
WP_014326639.1,0.007874016
WP_010947012.1,0.007874016
WP_011946726.1,0.007853403
WP_010947073.1,0.0078125
WP_010947724.1,0.0078125
WP_010946019.1,0.007727975
WP_010947780.1,0.007692308
WP_010945962.1,0.007662835
WP_010946195.1,0.007662835
WP_010947962.1,0.007633588
WP_010947992.1,0.007575758
WP_015444807.1,0.00754717
WP_010945819.1,0.007462687
WP_010946260.1,0.007462687
WP_010946601.1,0.007462687
WP_010947055.1,0.007425743
WP_016356909.1,0.007352941
WP_010947232.1,0.007352941
WP_010946085.1,0.00729927
WP_015444431.1,0.00729927
WP_010948115.1,0.007272727
WP_010947558.1,0.007246377
WP_011216117.1,0.007246377
WP_010946905.1,0.007194245
WP_010947211.1,0.007194245
WP_010948686.1,0.007194245
WP_010946666.1,0.007163324
WP_011213312.1,0.007142857
WP_010946949.1,0.007142857
WP_014842763.1,0.007042254
WP_010946375.1,0.007025761
WP_010948406.1,0.006993007
WP_010948019.1,0.006976744
WP_010948117.1,0.006896552
WP_010946411.1,0.006864989
WP_010946951.1,0.006864989
WP_015444438.1,0.006849315
WP_010946247.1,0.006741573
WP_015444632.1,0.00671785
WP_013101506.1,0.006681514
WP_015444462.1,0.00660066
WP_010946436.1,0.006593407
WP_015444856.1,0.006578947
WP_011213343.1,0.006578947
WP_010947454.1,0.006557377
WP_010947716.1,0.006557377
WP_010946402.1,0.006493506
WP_014326606.1,0.006369427
WP_010946579.1,0.006329114
WP_011946746.1,0.006329114
WP_015444870.1,0.006289308
WP_010946399.1,0.006263048
WP_010946871.1,0.00621118
WP_010947758.1,0.00621118
WP_010947314.1,0.00617284
WP_010946957.1,0.006163328
WP_016357035.1,0.006134969
WP_010948463.1,0.006097561
WP_010946906.1,0.006060606
WP_010946255.1,0.006024096
WP_015444348.1,0.006024096
WP_011213223.1,0.005988024
WP_010946483.1,0.005976096
WP_010945845.1,0.00591716
WP_015444043.1,0.005802708
WP_015444897.1,0.005797101
WP_015444833.1,0.005797101
WP_010947527.1,0.005747126
WP_010946755.1,0.005730659
WP_010948386.1,0.005725191
WP_010945846.1,0.005714286
WP_010945881.1,0.005681818
WP_010946071.1,0.005649718
WP_010947074.1,0.005649718
WP_010947158.1,0.005617978
WP_010947909.1,0.005617978
WP_016357053.1,0.005555556
WP_010947068.1,0.005545287
WP_010946398.1,0.005347594
WP_010946945.1,0.005347594
WP_010947763.1,0.005347594
WP_010948431.1,0.005347594
WP_010946935.1,0.005291005
WP_016356904.1,0.005181347
WP_010947861.1,0.005181347
WP_010946202.1,0.005154639
WP_010945823.1,0.005102041
WP_011946920.1,0.005
WP_011213184.1,0.004975124
WP_010946580.1,0.004950495
WP_010947089.1,0.004878049
WP_010946958.1,0.00486618
WP_011214708.1,0.004807692
WP_010947206.1,0.004784689
WP_010946198.1,0.004716981
WP_010946469.1,0.004716981
WP_010945855.1,0.00462963
WP_015444597.1,0.00462963
WP_010947980.1,0.00462963
WP_010946684.1,0.004464286
WP_010946055.1,0.004347826
WP_010946070.1,0.004329004
WP_014844450.1,0.004329004
WP_010945987.1,0.004301075
WP_011213317.1,0.004291845
WP_010945933.1,0.004149378
WP_015444955.1,0.004115226
WP_010946564.1,0.004098361
WP_015444788.1,0.004065041
WP_011946156.1,0.004048583
WP_010946952.1,0.004032258
WP_010947125.1,0.004032258
WP_010946578.1,0.003846154
WP_010946953.1,0.003831418
WP_010948214.1,0.003809524
WP_010946965.1,0.003759398
WP_010946201.1,0.003717472
WP_010946445.1,0.003125
WP_010947301.1,0.003012048
WP_010947931.1,0.002666667
WP_010946232.1,0.002631579
WP_010946698.1,0.002421308
WP_010947220.1,0.002421308
WP_010946200.1,0.001908397
WP_010947059.1,0.001218027
WP_010945797.1,0
WP_025862422.1,0
WP_015444964.1,0
WP_010945893.1,0
WP_010945914.1,0
WP_010945920.1,0
WP_010945967.1,0
WP_010945977.1,0
WP_011945494.1,0
WP_011214602.1,0
WP_010946069.1,0
WP_010946072.1,0
WP_010946108.1,0
WP_010946134.1,0
WP_014326637.1,0
WP_010946191.1,0
WP_010946196.1,0
WP_011945638.1,0
WP_010946326.1,0
WP_010946331.1,0
WP_010946366.1,0
WP_010946368.1,0
WP_025862447.1,0
WP_010946461.1,0
WP_010946474.1,0
WP_010946477.1,0
WP_010946500.1,0
WP_011945949.1,0
WP_010946590.1,0
WP_011945969.1,0
WP_010946618.1,0
WP_010946630.1,0
WP_011213342.1,0
WP_010946665.1,0
WP_027219629.1,0
WP_010946719.1,0
WP_010946738.1,0
WP_015444658.1,0
WP_010946787.1,0
WP_013101369.1,0
WP_015444641.1,0
WP_015444630.1,0
WP_010946841.1,0
WP_010946846.1,0
WP_011213471.1,0
WP_010946870.1,0
WP_015444609.1,0
WP_016356871.1,0
WP_010946950.1,0
WP_025862374.1,0
WP_025862373.1,0
WP_010947009.1,0
WP_010947010.1,0
WP_015444558.1,0
WP_010947070.1,0
WP_010947100.1,0
WP_003631752.1,0
WP_010947264.1,0
WP_010947302.1,0
WP_015444453.1,0
WP_010947352.1,0
WP_010947372.1,0
WP_010947375.1,0
WP_223804291.1,0
WP_011213959.1,0
WP_011946660.1,0
WP_010947467.1,0
WP_010947514.1,0
WP_011214054.1,0
WP_011946738.1,0
WP_011946739.1,0
WP_011214091.1,0
WP_011214112.1,0
WP_010947595.1,0
WP_010947603.1,0
WP_010947604.1,0
WP_015444387.1,0
WP_015444381.1,0
WP_016356941.1,0
WP_010947637.1,0
WP_025862381.1,0
WP_010947721.1,0
WP_010947734.1,0
WP_010947761.1,0
WP_010947765.1,0
WP_010947822.1,0
WP_015444234.1,0
WP_016356980.1,0
WP_010947967.1,0
WP_010948013.1,0
WP_011216206.1,0
WP_016357005.1,0
WP_010948065.1,0
WP_015444112.1,0
WP_072364031.1,0
WP_010948119.1,0
WP_015444081.1,0
WP_010948185.1,0
WP_011947416.1,0
WP_011947421.1,0
WP_010948223.1,0
WP_010948242.1,0
WP_010948252.1,0
WP_011216460.1,0
WP_010948326.1,0
WP_010948389.1,0
WP_011216658.1,0
WP_010948531.1,0
WP_010948533.1,0
WP_014327021.1,0
WP_015443889.1,0
WP_010948600.1,0
WP_011216775.1,0
WP_015443875.1,0
WP_014327031.1,0
WP_171843123.1,0
WP_010948671.1,0